a:7:{i:0;s:1:"p";i:1;i:1773732831;i:2;s:57:"/ru/product/drajver-dlia-led-svitylnyka-40w-emc-eurolamp/";i:3;i:12655;i:4;i:1;i:5;i:1;i:6;s:23:"https://www.google.com/";}
a:7:{i:0;s:1:"p";i:1;i:1773732847;i:2;s:81:"/category/avtonomne-osvitlennia/svitylnyky-z-akumuliatorom-avtonomne-osvitlennia/";i:3;i:0;i:4;i:1;i:5;i:1;i:6;s:23:"https://www.google.com/";}
a:7:{i:0;s:1:"p";i:1;i:1773732958;i:2;s:64:"/ru/category/ulichnoe-osveschenie/led-fonary-ulychnye-konsolnye/";i:3;i:0;i:4;i:0;i:5;i:1;i:6;s:0:"";}
a:7:{i:0;s:1:"p";i:1;i:1773733268;i:2;s:18:"/publichna-oferta/";i:3;i:11101;i:4;i:1;i:5;i:1;i:6;s:0:"";}
a:7:{i:0;s:1:"p";i:1;i:1773733306;i:2;s:38:"/category/svitlodiodni-led-svitilniki/";i:3;i:0;i:4;i:1;i:5;i:1;i:6;s:23:"https://duckduckgo.com/";}
a:7:{i:0;s:1:"p";i:1;i:1773733414;i:2;s:1:"/";i:3;i:6;i:4;i:1;i:5;i:1;i:6;s:23:"https://www.google.com/";}
a:7:{i:0;s:1:"p";i:1;i:1773733418;i:2;s:23:"/category/akumuliatory/";i:3;i:0;i:4;i:0;i:5;i:1;i:6;s:0:"";}
a:7:{i:0;s:1:"p";i:1;i:1773733556;i:2;s:1:"/";i:3;i:6;i:4;i:1;i:5;i:1;i:6;s:23:"https://www.google.com/";}
a:7:{i:0;s:1:"p";i:1;i:1773733565;i:2;s:59:"/category/svitlodiodna-strichka-kontroler/led-strichky-smd/";i:3;i:0;i:4;i:0;i:5;i:1;i:6;s:0:"";}
a:7:{i:0;s:1:"p";i:1;i:1773733791;i:2;s:33:"/category/akumuliatory/invertory/";i:3;i:0;i:4;i:1;i:5;i:1;i:6;s:0:"";}
a:7:{i:0;s:1:"p";i:1;i:1773733886;i:2;s:77:"/category/svitlodiodni-led-svitilniki/svitlodiodni-led-smartlight-svitilniki/";i:3;i:0;i:4;i:1;i:5;i:1;i:6;s:0:"";}
a:7:{i:0;s:1:"p";i:1;i:1773733887;i:2;s:1:"/";i:3;i:6;i:4;i:0;i:5;i:1;i:6;s:23:"https://www.google.com/";}
a:7:{i:0;s:1:"p";i:1;i:1773733887;i:2;s:63:"/category/svitlodiodni-led-svitilniki/led-svitylnyky-vbudovani/";i:3;i:0;i:4;i:0;i:5;i:1;i:6;s:0:"";}
a:7:{i:0;s:1:"p";i:1;i:1773733910;i:2;s:1:"/";i:3;i:6;i:4;i:1;i:5;i:1;i:6;s:23:"https://www.google.com/";}
a:7:{i:0;s:1:"p";i:1;i:1773733928;i:2;s:38:"/category/svitlodiodni-led-svitilniki/";i:3;i:0;i:4;i:0;i:5;i:1;i:6;s:0:"";}
a:7:{i:0;s:1:"p";i:1;i:1773733942;i:2;s:33:"/category/svitlodiodni-led-lampi/";i:3;i:0;i:4;i:0;i:5;i:1;i:6;s:0:"";}
a:7:{i:0;s:1:"p";i:1;i:1773733955;i:2;s:63:"/category/svitlodiodni-led-svitilniki/led-svitylnyky-vbudovani/";i:3;i:0;i:4;i:0;i:5;i:1;i:6;s:0:"";}
a:7:{i:0;s:1:"p";i:1;i:1773733990;i:2;s:67:"/product/eurolamp-led-svitylnyk-kruhlyj-downlight-9w-4000k-chornyj/";i:3;i:5454;i:4;i:0;i:5;i:1;i:6;s:0:"";}
a:7:{i:0;s:1:"p";i:1;i:1773734085;i:2;s:1:"/";i:3;i:6;i:4;i:1;i:5;i:1;i:6;s:23:"https://www.google.com/";}
a:7:{i:0;s:1:"p";i:1;i:1773734099;i:2;s:79:"/category/svitlodiodni-led-svitilniki/bra-svitlodiodni-led-svitilniki-nastinni/";i:3;i:0;i:4;i:0;i:5;i:1;i:6;s:0:"";}
a:7:{i:0;s:1:"p";i:1;i:1773734196;i:2;s:75:"/ru/product/svetodyodnaia-lynejnaia-eurolamp-led-lampa-t8-18w-6500k-steklo/";i:3;i:4696;i:4;i:1;i:5;i:1;i:6;s:23:"https://www.google.com/";}
a:7:{i:0;s:1:"p";i:1;i:1773734588;i:2;s:38:"/category/svitlodiodni-led-svitilniki/";i:3;i:0;i:4;i:1;i:5;i:1;i:6;s:23:"https://www.google.com/";}
a:7:{i:0;s:1:"p";i:1;i:1773734783;i:2;s:1:"/";i:3;i:6;i:4;i:1;i:5;i:1;i:6;s:23:"https://www.google.com/";}
a:7:{i:0;s:1:"p";i:1;i:1773734795;i:2;s:66:"/category/svitlodiodni-led-lampi/klasichni-svitlodiodni-lampi-led/";i:3;i:0;i:4;i:0;i:5;i:1;i:6;s:0:"";}
a:7:{i:0;s:1:"p";i:1;i:1773734834;i:2;s:75:"/category/vulychne-osvitlennja/vulychni-konsolni-svitlodiodni-led-likhtari/";i:3;i:0;i:4;i:0;i:5;i:1;i:6;s:0:"";}
a:7:{i:0;s:1:"p";i:1;i:1773734845;i:2;s:49:"/category/vulychne-osvitlennja/sadovi-svitulniki/";i:3;i:0;i:4;i:0;i:5;i:1;i:6;s:0:"";}
a:7:{i:0;s:1:"p";i:1;i:1773734945;i:2;s:85:"/ru/product/svetodyodnyj-eurolamp-led-svetylnyk-smart-light-modernity-72w-3000-6500k/";i:3;i:8056;i:4;i:1;i:5;i:1;i:6;s:23:"https://www.google.com/";}
a:7:{i:0;s:1:"p";i:1;i:1773734960;i:2;s:82:"/product/svitlodiodnyj-eurolamp-led-svitylnyk-smart-light-orbiktor-50w-3000-6500k/";i:3;i:8062;i:4;i:0;i:5;i:1;i:6;s:23:"https://www.google.com/";}
a:7:{i:0;s:1:"p";i:1;i:1773734986;i:2;s:81:"/ru/product/svetodyodnyj-eurolamp-led-svetylnyk-kruhlyj-nakladnoj-deco-14w-4500k/";i:3;i:4920;i:4;i:0;i:5;i:1;i:6;s:23:"https://www.google.com/";}
a:7:{i:0;s:1:"p";i:1;i:1773735037;i:2;s:83:"/product/led-svitylnyk-z-pultom-keruvannia-modernity-black-48w-3000-6500k-eurolamp/";i:3;i:8426;i:4;i:0;i:5;i:1;i:6;s:23:"https://www.google.com/";}
a:7:{i:0;s:1:"p";i:1;i:1773735072;i:2;s:85:"/ru/product/svetodyodnyj-eurolamp-led-svetylnyk-smart-light-modernity-72w-3000-6500k/";i:3;i:8056;i:4;i:0;i:5;i:0;i:6;s:23:"https://www.google.com/";}
a:7:{i:0;s:1:"p";i:1;i:1773735083;i:2;s:50:"/ru/product/eurolamp-led-svetylnyk-smartlight-72w/";i:3;i:5129;i:4;i:0;i:5;i:1;i:6;s:23:"https://www.google.com/";}
a:7:{i:0;s:1:"p";i:1;i:1773735118;i:2;s:56:"/product/led-svitylnyk-595-595-panel-40w-4000k-eurolamp/";i:3;i:9908;i:4;i:1;i:5;i:1;i:6;s:0:"";}
a:7:{i:0;s:1:"p";i:1;i:1773735217;i:2;s:1:"/";i:3;i:6;i:4;i:0;i:5;i:1;i:6;s:0:"";}
a:7:{i:0;s:1:"p";i:1;i:1773735223;i:2;s:83:"/product/led-svitylnyk-z-pultom-keruvannia-modernity-black-48w-3000-6500k-eurolamp/";i:3;i:8426;i:4;i:0;i:5;i:0;i:6;s:0:"";}
a:7:{i:0;s:1:"p";i:1;i:1773735349;i:2;s:1:"/";i:3;i:6;i:4;i:1;i:5;i:1;i:6;s:23:"https://www.google.com/";}
a:7:{i:0;s:1:"p";i:1;i:1773735372;i:2;s:89:"/product/svitlodiodnyj-eurolamp-led-svitylnyk-smart-light-modernity-white-72w-3000-6500k/";i:3;i:8055;i:4;i:0;i:5;i:1;i:6;s:0:"";}
a:7:{i:0;s:1:"p";i:1;i:1773735407;i:2;s:85:"/category/administrativno-promislove-osvitlennja/linijni-svitlodiodni-led-svitylnyky/";i:3;i:0;i:4;i:1;i:5;i:1;i:6;s:23:"https://www.google.com/";}
a:7:{i:0;s:1:"p";i:1;i:1773735421;i:2;s:74:"/product/tochkova-svitlodiodna-eurolamp-led-lampa-eko-mr16-5w-gu5-3-4000k/";i:3;i:1965;i:4;i:1;i:5;i:1;i:6;s:23:"https://www.google.com/";}
a:7:{i:0;s:1:"p";i:1;i:1773735439;i:2;s:70:"/product/svitlodiodnyj-eurolamp-led-svitylnyk-dlia-lamp-led-t8x2-1-2m/";i:3;i:1291;i:4;i:1;i:5;i:1;i:6;s:23:"https://www.google.com/";}
a:7:{i:0;s:1:"p";i:1;i:1773735444;i:2;s:31:"/category/vulychne-osvitlennja/";i:3;i:0;i:4;i:0;i:5;i:1;i:6;s:0:"";}
a:7:{i:0;s:1:"p";i:1;i:1773735444;i:2;s:1:"/";i:3;i:6;i:4;i:0;i:5;i:1;i:6;s:0:"";}
a:7:{i:0;s:1:"p";i:1;i:1773735452;i:2;s:66:"/category/promyslove-osvitlennia/led-svitylnyky-linijni-ip44-ip65/";i:3;i:0;i:4;i:0;i:5;i:1;i:6;s:0:"";}
a:7:{i:0;s:1:"p";i:1;i:1773735512;i:2;s:72:"/product/svitlodiodnyj-eurolamp-led-svitylnyk-linijnyj-18w-5000k-0-6m-s/";i:3;i:7874;i:4;i:0;i:5;i:1;i:6;s:0:"";}
a:7:{i:0;s:1:"p";i:1;i:1773735587;i:2;s:73:"/product/klasichna-svitlodiodna-eurolamp-led-lampa-eko-a60-12w-e27-4000k/";i:3;i:694;i:4;i:0;i:5;i:1;i:6;s:23:"https://www.google.com/";}
a:7:{i:0;s:1:"p";i:1;i:1773735595;i:2;s:45:"/category/akumuliatory/akumuliatorni-batarei/";i:3;i:0;i:4;i:1;i:5;i:1;i:6;s:23:"https://www.google.com/";}
a:7:{i:0;s:1:"p";i:1;i:1773735603;i:2;s:9:"/pro-nas/";i:3;i:111;i:4;i:0;i:5;i:1;i:6;s:0:"";}
a:7:{i:0;s:1:"p";i:1;i:1773735617;i:2;s:10:"/kontakti/";i:3;i:121;i:4;i:0;i:5;i:1;i:6;s:0:"";}
a:7:{i:0;s:1:"p";i:1;i:1773735689;i:2;s:51:"/product/led-lampa-a60-7w-e27-4000k-n-euroelectric/";i:3;i:14775;i:4;i:1;i:5;i:1;i:6;s:0:"";}
a:7:{i:0;s:1:"p";i:1;i:1773735785;i:2;s:82:"/ru/product/svetodyodnyj-eurolamp-led-svetylnyk-kruhlyj-nakladnoj-zhkkh-12w-5500k/";i:3;i:4965;i:4;i:1;i:5;i:1;i:6;s:23:"https://www.google.com/";}
a:7:{i:0;s:1:"p";i:1;i:1773735851;i:2;s:76:"/ru/product/svetodyodnaia-eurolamp-led-lampa-vysokomoshchnaia-50w-e40-6500k/";i:3;i:4715;i:4;i:0;i:5;i:1;i:6;s:23:"https://www.google.com/";}
a:7:{i:0;s:1:"p";i:1;i:1773735858;i:2;s:51:"/product/led-lampa-a60-7w-e27-4000k-n-euroelectric/";i:3;i:14775;i:4;i:0;i:5;i:0;i:6;s:0:"";}
a:7:{i:0;s:1:"p";i:1;i:1773735914;i:2;s:51:"/product/led-lampa-a60-7w-e27-4000k-n-euroelectric/";i:3;i:14775;i:4;i:0;i:5;i:0;i:6;s:0:"";}
a:7:{i:0;s:1:"p";i:1;i:1773736164;i:2;s:73:"/product/klasichna-svitlodiodna-eurolamp-led-lampa-eko-a60-10w-e27-4000k/";i:3;i:695;i:4;i:1;i:5;i:1;i:6;s:23:"https://www.google.com/";}
a:7:{i:0;s:1:"p";i:1;i:1773736202;i:2;s:28:"/category/aktsii-rozprodazh/";i:3;i:0;i:4;i:0;i:5;i:1;i:6;s:0:"";}
a:7:{i:0;s:1:"p";i:1;i:1773736218;i:2;s:74:"/product/svitlodiodnyj-led-svitylnyk-eurolamp-kruhlyj-nakladnyj-16w-4000k/";i:3;i:2205;i:4;i:1;i:5;i:1;i:6;s:23:"https://www.google.com/";}
a:7:{i:0;s:1:"p";i:1;i:1773736249;i:2;s:81:"/category/avtonomne-osvitlennia/svitylnyky-z-akumuliatorom-avtonomne-osvitlennia/";i:3;i:0;i:4;i:1;i:5;i:1;i:6;s:0:"";}
a:7:{i:0;s:1:"p";i:1;i:1773736253;i:2;s:1:"/";i:3;i:0;i:4;i:0;i:5;i:1;i:6;s:0:"";}
a:7:{i:0;s:1:"p";i:1;i:1773736276;i:2;s:59:"/ru/product/led-liustra-kvadratna-120w-3000-6500k-eurolamp/";i:3;i:11524;i:4;i:1;i:5;i:1;i:6;s:0:"";}
a:7:{i:0;s:1:"p";i:1;i:1773736318;i:2;s:56:"/category/spetsialne-osvitlennia/svitulniki-dlja-roslun/";i:3;i:0;i:4;i:0;i:5;i:1;i:6;s:0:"";}
a:7:{i:0;s:1:"p";i:1;i:1773736384;i:2;s:79:"/product/eurolamp-led-prozhektor-modulnyj-z-intehrovanym-radiatorom-100w-5000k/";i:3;i:2308;i:4;i:0;i:5;i:1;i:6;s:0:"";}
a:7:{i:0;s:1:"p";i:1;i:1773736389;i:2;s:70:"/category/promyslove-osvitlennia/modulni-svitlodiodni-led-prozhektory/";i:3;i:0;i:4;i:0;i:5;i:1;i:6;s:0:"";}
a:7:{i:0;s:1:"p";i:1;i:1773736399;i:2;s:79:"/product/eurolamp-led-prozhektor-modulnyj-z-intehrovanym-radiatorom-150w-5000k/";i:3;i:2305;i:4;i:0;i:5;i:1;i:6;s:0:"";}
a:7:{i:0;s:1:"p";i:1;i:1773736402;i:2;s:51:"/ru/product/akkumuliator-dlia-dronov-fpv-6s1p-p42a/";i:3;i:7589;i:4;i:1;i:5;i:1;i:6;s:23:"https://www.google.com/";}
a:7:{i:0;s:1:"p";i:1;i:1773736544;i:2;s:59:"/ru/product/led-svetylnyk-595-595-panel-40w-4000k-eurolamp/";i:3;i:9909;i:4;i:1;i:5;i:1;i:6;s:23:"https://www.google.com/";}
a:7:{i:0;s:1:"p";i:1;i:1773736595;i:2;s:72:"/ru/product/svetodyodnyj-eurolamp-led-svetylnyk-595-595-ramka-40w-5000k/";i:3;i:5105;i:4;i:0;i:5;i:1;i:6;s:23:"https://www.google.com/";}
a:7:{i:0;s:1:"p";i:1;i:1773736724;i:2;s:70:"/category/promyslove-osvitlennia/modulni-svitlodiodni-led-prozhektory/";i:3;i:0;i:4;i:0;i:5;i:0;i:6;s:0:"";}
a:7:{i:0;s:1:"p";i:1;i:1773736739;i:2;s:79:"/product/eurolamp-led-prozhektor-modulnyj-z-intehrovanym-radiatorom-100w-5000k/";i:3;i:2308;i:4;i:0;i:5;i:0;i:6;s:0:"";}
a:7:{i:0;s:1:"p";i:1;i:1773736825;i:2;s:96:"/ru/product/eurolamp-led-svetylnyk-ovalnyj-nakladnoj-zhkkh-s-datchykom-dvyzhenyia-12w-5000k-g10/";i:3;i:6729;i:4;i:1;i:5;i:1;i:6;s:23:"https://www.google.com/";}
a:7:{i:0;s:1:"p";i:1;i:1773736844;i:2;s:67:"/ru/category/admynystratyvnoe-osveshchenye/led-svetylnyky-lynejnye/";i:3;i:0;i:4;i:0;i:5;i:1;i:6;s:0:"";}
a:7:{i:0;s:1:"p";i:1;i:1773736912;i:2;s:48:"/category/akumuliatory/akumuliatory-dlia-droniv/";i:3;i:0;i:4;i:1;i:5;i:1;i:6;s:0:"";}
a:7:{i:0;s:1:"p";i:1;i:1773737044;i:2;s:67:"/product/eurolamp-led-svitylnyk-kruhlyj-downlight-9w-4000k-chornyj/";i:3;i:5454;i:4;i:1;i:5;i:1;i:6;s:0:"";}
a:7:{i:0;s:1:"p";i:1;i:1773737046;i:2;s:71:"/category/avtonomne-osvitlennia/svitlodiodni-led-lampy-z-akumuliatorom/";i:3;i:0;i:4;i:1;i:5;i:1;i:6;s:23:"https://www.google.com/";}
a:7:{i:0;s:1:"p";i:1;i:1773737046;i:2;s:1:"/";i:3;i:6;i:4;i:0;i:5;i:1;i:6;s:23:"https://www.google.com/";}
a:7:{i:0;s:1:"p";i:1;i:1773737084;i:2;s:68:"/product/eurolamp-led-svitylnyk-avarijnyj-z-akumuliatorom-12w-5000k/";i:3;i:5613;i:4;i:0;i:5;i:1;i:6;s:23:"https://www.google.com/";}
a:7:{i:0;s:1:"p";i:1;i:1773737110;i:2;s:1:"/";i:3;i:6;i:4;i:0;i:5;i:0;i:6;s:0:"";}
a:7:{i:0;s:1:"p";i:1;i:1773737118;i:2;s:65:"/category/svitlodiodni-led-lampi/svitlodiodni-led-lampi-tochkovi/";i:3;i:0;i:4;i:0;i:5;i:1;i:6;s:0:"";}
a:7:{i:0;s:1:"p";i:1;i:1773737137;i:2;s:51:"/product/eurolamp-led-lampa-tochkova-gx53-8w-3000k/";i:3;i:5357;i:4;i:0;i:5;i:1;i:6;s:0:"";}
a:7:{i:0;s:1:"p";i:1;i:1773737161;i:2;s:67:"/product/eurolamp-led-svitylnyk-kruhlyj-downlight-9w-4000k-chornyj/";i:3;i:5454;i:4;i:1;i:5;i:1;i:6;s:0:"";}
a:7:{i:0;s:1:"p";i:1;i:1773737161;i:2;s:95:"/ru/product/ultracell-lifepo4-akkumuliator-lytyj-zhelezo-fosfatnyj-25-6v-200ah-grade-a-display/";i:3;i:10184;i:4;i:1;i:5;i:1;i:6;s:23:"https://www.google.com/";}
a:7:{i:0;s:1:"p";i:1;i:1773737881;i:2;s:73:"/product/klasichna-svitlodiodna-eurolamp-led-lampa-eko-a60-12w-e27-4000k/";i:3;i:694;i:4;i:0;i:5;i:1;i:6;s:23:"https://www.google.com/";}
a:7:{i:0;s:1:"p";i:1;i:1773738006;i:2;s:82:"/ru/category/led-lenty-y-komplektuiushchye/komplekty-led-lenta-kontroller-pult-du/";i:3;i:0;i:4;i:1;i:5;i:1;i:6;s:23:"https://www.google.com/";}
a:7:{i:0;s:1:"p";i:1;i:1773738151;i:2;s:66:"/product/akumuliatorna-batareia-samsung-inr21700-50s-3-7v-5000mah/";i:3;i:7224;i:4;i:1;i:5;i:1;i:6;s:23:"https://www.google.com/";}
a:7:{i:0;s:1:"p";i:1;i:1773738165;i:2;s:1:"/";i:3;i:6;i:4;i:1;i:5;i:1;i:6;s:23:"https://www.google.com/";}
a:7:{i:0;s:1:"p";i:1;i:1773738198;i:2;s:77:"/category/svitlodiodni-led-svitilniki/svitlodiodni-led-smartlight-svitilniki/";i:3;i:0;i:4;i:0;i:5;i:1;i:6;s:0:"";}
a:7:{i:0;s:1:"p";i:1;i:1773738527;i:2;s:79:"/product/avtomobilnyj-akumuliator-optima-truck-6st-220-ievro3-12v-220ach-1250a/";i:3;i:11630;i:4;i:1;i:5;i:1;i:6;s:23:"https://www.google.com/";}
a:7:{i:0;s:1:"p";i:1;i:1773738614;i:2;s:62:"/ru/category/admynystratyvnoe-osveshchenye/led-panely-600-600/";i:3;i:0;i:4;i:0;i:5;i:1;i:6;s:23:"https://www.google.com/";}
a:7:{i:0;s:1:"p";i:1;i:1773738630;i:2;s:100:"/ru/product/svetodyodnyj-promo-nabor-eurolamp-led-svetylnyky-60-60-panel-belaia-ramka-36w-4000k-2v1/";i:3;i:4977;i:4;i:0;i:5;i:1;i:6;s:0:"";}
a:7:{i:0;s:1:"p";i:1;i:1773738735;i:2;s:1:"/";i:3;i:6;i:4;i:1;i:5;i:1;i:6;s:0:"";}
a:7:{i:0;s:1:"p";i:1;i:1773738739;i:2;s:1:"/";i:3;i:0;i:4;i:0;i:5;i:0;i:6;s:0:"";}
a:7:{i:0;s:1:"p";i:1;i:1773738769;i:2;s:54:"/product/eurolamp-led-lampa-kapsulna-g4-5w-3000k-220v/";i:3;i:6906;i:4;i:0;i:5;i:1;i:6;s:0:"";}
a:7:{i:0;s:1:"p";i:1;i:1773738818;i:2;s:51:"/product/akumuliatorna-zbirka-2s2p-molicel-8400mah/";i:3;i:12322;i:4;i:1;i:5;i:1;i:6;s:54:"android-app://com.google.android.googlequicksearchbox/";}
a:7:{i:0;s:1:"p";i:1;i:1773738874;i:2;s:68:"/product/promo-nabir-eurolamp-led-eko-a60-10w-e27-3000k-aktsiia-2-1/";i:3;i:2345;i:4;i:1;i:5;i:1;i:6;s:0:"";}
a:7:{i:0;s:1:"p";i:1;i:1773738961;i:2;s:51:"/product/akumuliatorna-zbirka-2s2p-molicel-8400mah/";i:3;i:12322;i:4;i:0;i:5;i:0;i:6;s:0:"";}
a:7:{i:0;s:1:"p";i:1;i:1773738970;i:2;s:51:"/product/akumuliatorna-zbirka-2s2p-molicel-8400mah/";i:3;i:12322;i:4;i:0;i:5;i:0;i:6;s:0:"";}
a:7:{i:0;s:1:"p";i:1;i:1773739143;i:2;s:98:"/product/svitlodiodnyj-eurolamp-led-svitylnyk-kruhlyj-nakladnyj-zhkkh-z-datchykom-rukhu-12w-5000k/";i:3;i:2227;i:4;i:1;i:5;i:1;i:6;s:0:"";}
a:7:{i:0;s:1:"p";i:1;i:1773739196;i:2;s:58:"/ru/product/eurolamp-led-lampa-kapsulnaia-g4-5w-4000k-12v/";i:3;i:6897;i:4;i:0;i:5;i:1;i:6;s:23:"https://www.google.com/";}
a:7:{i:0;s:1:"p";i:1;i:1773739203;i:2;s:80:"/product/svitlodiodnyj-eurolamp-led-svitylnyk-linijnyj-ip65-36w-4000k-1-2m-slim/";i:3;i:2243;i:4;i:0;i:5;i:0;i:6;s:23:"https://www.google.com/";}
a:7:{i:0;s:1:"p";i:1;i:1773739204;i:2;s:73:"/product/svitlodiodnyj-eurolamp-led-svitylnyk-kruhlyj-downlight-4w-4000k/";i:3;i:2144;i:4;i:1;i:5;i:1;i:6;s:54:"android-app://com.google.android.googlequicksearchbox/";}
a:7:{i:0;s:1:"p";i:1;i:1773739218;i:2;s:23:"/ru/category/led-lampy/";i:3;i:0;i:4;i:0;i:5;i:1;i:6;s:0:"";}
a:7:{i:0;s:1:"p";i:1;i:1773739237;i:2;s:68:"/product/eurolamp-led-svitylnyk-avarijnyj-z-akumuliatorom-12w-5000k/";i:3;i:5613;i:4;i:0;i:5;i:1;i:6;s:54:"android-app://com.google.android.googlequicksearchbox/";}
a:7:{i:0;s:1:"p";i:1;i:1773739368;i:2;s:85:"/ru/product/led-svitylnyk-z-akumuliatorom-ta-datchykom-rukhu-30w-2700-6500k-eurolamp/";i:3;i:11759;i:4;i:1;i:5;i:1;i:6;s:23:"https://www.google.com/";}
a:7:{i:0;s:1:"p";i:1;i:1773739385;i:2;s:39:"/ru/category/dekoratyvnoe-osveshchenye/";i:3;i:0;i:4;i:0;i:5;i:1;i:6;s:0:"";}
a:7:{i:0;s:1:"p";i:1;i:1773739552;i:2;s:73:"/ru/product/akkumuliatornaia-batareia-molicel-inr21700-p42a-3-7v-4200mah/";i:3;i:7228;i:4;i:1;i:5;i:1;i:6;s:0:"";}
a:7:{i:0;s:1:"p";i:1;i:1773739573;i:2;s:1:"/";i:3;i:6;i:4;i:1;i:5;i:1;i:6;s:23:"https://www.google.com/";}
a:7:{i:0;s:1:"p";i:1;i:1773739590;i:2;s:51:"/product/akumuliatorna-zbirka-2s2p-molicel-8400mah/";i:3;i:12322;i:4;i:1;i:5;i:1;i:6;s:0:"";}
a:7:{i:0;s:1:"p";i:1;i:1773739673;i:2;s:51:"/product/akumuliatorna-zbirka-2s2p-molicel-8400mah/";i:3;i:12322;i:4;i:0;i:5;i:0;i:6;s:0:"";}
a:7:{i:0;s:1:"p";i:1;i:1773739792;i:2;s:59:"/ru/product/eurolamp-svetodyodnyj-svetylnyk-portatyvnyj-2w/";i:3;i:5106;i:4;i:1;i:5;i:1;i:6;s:0:"";}
a:7:{i:0;s:1:"p";i:1;i:1773740228;i:2;s:78:"/product/svitlodiodnyj-eurolamp-led-svitylnyk-kruhlyj-downlight-new-24w-4000k/";i:3;i:3431;i:4;i:1;i:5;i:1;i:6;s:23:"https://www.google.com/";}
a:7:{i:0;s:1:"p";i:1;i:1773740238;i:2;s:1:"/";i:3;i:6;i:4;i:0;i:5;i:1;i:6;s:23:"https://www.google.com/";}
a:7:{i:0;s:1:"p";i:1;i:1773740245;i:2;s:1:"/";i:3;i:6;i:4;i:1;i:5;i:1;i:6;s:0:"";}
a:7:{i:0;s:1:"p";i:1;i:1773740282;i:2;s:1:"/";i:3;i:6;i:4;i:1;i:5;i:1;i:6;s:23:"https://www.google.com/";}
a:7:{i:0;s:1:"p";i:1;i:1773740417;i:2;s:61:"/product/eurolamp-led-svitylnyk-linijnyj-ip65-28w-4000k-0-6m/";i:3;i:6600;i:4;i:0;i:5;i:1;i:6;s:0:"";}
a:7:{i:0;s:1:"p";i:1;i:1773740450;i:2;s:52:"/product/led-svitylnyk-fx-1200mm-35w-5000k-eurolamp/";i:3;i:13925;i:4;i:0;i:5;i:1;i:6;s:0:"";}
a:7:{i:0;s:1:"p";i:1;i:1773740623;i:2;s:87:"/product/svitlodiodnyj-eurolamp-led-smd-prozhektor-chornyj-z-datchykom-rukhu-30w-6500k/";i:3;i:2949;i:4;i:1;i:5;i:1;i:6;s:0:"";}
a:7:{i:0;s:1:"p";i:1;i:1773740974;i:2;s:50:"/ru/product/eurolamp-led-svetylnyk-smartlight-72w/";i:3;i:5129;i:4;i:1;i:5;i:1;i:6;s:23:"https://www.google.com/";}
a:7:{i:0;s:1:"p";i:1;i:1773741037;i:2;s:69:"/product/led-svitylnyk-tochkovyj-dlia-lamp-gx53-sribliastyj-eurolamp/";i:3;i:14338;i:4;i:1;i:5;i:1;i:6;s:0:"";}
a:7:{i:0;s:1:"p";i:1;i:1773741160;i:2;s:82:"/ru/product/svetodyodnyj-eurolamp-led-svetylnyk-kruhlyj-nakladnoj-zhkkh-12w-5500k/";i:3;i:4965;i:4;i:0;i:5;i:0;i:6;s:23:"https://www.google.com/";}
a:7:{i:0;s:1:"p";i:1;i:1773741209;i:2;s:1:"/";i:3;i:6;i:4;i:1;i:5;i:1;i:6;s:23:"https://www.google.com/";}
a:7:{i:0;s:1:"p";i:1;i:1773741246;i:2;s:61:"/category/svitlodiodni-led-lampi/led-lampy-z-datchykov-rukhu/";i:3;i:0;i:4;i:0;i:5;i:1;i:6;s:23:"https://www.google.com/";}
a:7:{i:0;s:1:"p";i:1;i:1773741262;i:2;s:1:"/";i:3;i:6;i:4;i:1;i:5;i:1;i:6;s:23:"https://www.google.com/";}
a:7:{i:0;s:1:"p";i:1;i:1773741263;i:2;s:68:"/product/eurolamp-led-svitylnyk-avarijnyj-z-akumuliatorom-12w-5000k/";i:3;i:5613;i:4;i:1;i:5;i:1;i:6;s:23:"https://www.google.com/";}
a:7:{i:0;s:1:"p";i:1;i:1773741278;i:2;s:68:"/product/eurolamp-led-svitylnyk-avarijnyj-z-akumuliatorom-12w-5000k/";i:3;i:5613;i:4;i:0;i:5;i:0;i:6;s:23:"https://www.google.com/";}
a:7:{i:0;s:1:"p";i:1;i:1773741292;i:2;s:32:"/category/avtonomne-osvitlennia/";i:3;i:0;i:4;i:0;i:5;i:1;i:6;s:0:"";}
a:7:{i:0;s:1:"p";i:1;i:1773741548;i:2;s:1:"/";i:3;i:6;i:4;i:0;i:5;i:0;i:6;s:23:"https://www.google.com/";}
a:7:{i:0;s:1:"p";i:1;i:1773741615;i:2;s:79:"/product/svitlodiodnyj-promo-nabir-eurolamp-led-svitylnyky-60-60-40w-5000k-2v1/";i:3;i:2234;i:4;i:1;i:5;i:1;i:6;s:0:"";}
a:7:{i:0;s:1:"p";i:1;i:1773741622;i:2;s:82:"/category/administrativno-promislove-osvitlennja/svitlodiodni-led-zhkh-svitylnyky/";i:3;i:0;i:4;i:0;i:5;i:1;i:6;s:0:"";}
a:7:{i:0;s:1:"p";i:1;i:1773741637;i:2;s:83:"/product/svitlodiodnyj-eurolamp-led-svitylnyk-kruhlyj-nakladnyj-zhkkh-g2-18w-5000k/";i:3;i:2228;i:4;i:0;i:5;i:1;i:6;s:0:"";}
a:7:{i:0;s:1:"p";i:1;i:1773741650;i:2;s:82:"/category/administrativno-promislove-osvitlennja/svitlodiodni-led-zhkh-svitylnyky/";i:3;i:0;i:4;i:0;i:5;i:0;i:6;s:0:"";}
a:7:{i:0;s:1:"p";i:1;i:1773741663;i:2;s:83:"/product/svitlodiodnyj-eurolamp-led-svitylnyk-kruhlyj-nakladnyj-zhkkh-g5-18w-5000k/";i:3;i:2928;i:4;i:0;i:5;i:1;i:6;s:0:"";}
a:7:{i:0;s:1:"p";i:1;i:1773741668;i:2;s:71:"/category/avtonomne-osvitlennia/svitlodiodni-led-lampy-z-akumuliatorom/";i:3;i:0;i:4;i:1;i:5;i:1;i:6;s:0:"";}
a:7:{i:0;s:1:"p";i:1;i:1773741672;i:2;s:82:"/category/administrativno-promislove-osvitlennja/svitlodiodni-led-zhkh-svitylnyky/";i:3;i:0;i:4;i:0;i:5;i:0;i:6;s:0:"";}
a:7:{i:0;s:1:"p";i:1;i:1773741685;i:2;s:56:"/product/led-svitylnyk-595-595-panel-40w-4000k-eurolamp/";i:3;i:9908;i:4;i:0;i:5;i:1;i:6;s:0:"";}
a:7:{i:0;s:1:"p";i:1;i:1773741711;i:2;s:82:"/category/administrativno-promislove-osvitlennja/svitlodiodni-led-zhkh-svitylnyky/";i:3;i:0;i:4;i:0;i:5;i:0;i:6;s:0:"";}
a:7:{i:0;s:1:"p";i:1;i:1773741735;i:2;s:87:"/ru/product/eurolamp-led-liustra-svetodyodnaia-akrylovaia-kruhlaia-a64-120w-3000-6500k/";i:3;i:6095;i:4;i:1;i:5;i:1;i:6;s:54:"android-app://com.google.android.googlequicksearchbox/";}
a:7:{i:0;s:1:"p";i:1;i:1773741736;i:2;s:51:"/product/akumuliatorna-zbirka-3s2p-molicel-8400mah/";i:3;i:12332;i:4;i:0;i:5;i:0;i:6;s:0:"";}
a:7:{i:0;s:1:"p";i:1;i:1773741808;i:2;s:1:"/";i:3;i:6;i:4;i:1;i:5;i:1;i:6;s:23:"https://www.google.com/";}
a:7:{i:0;s:1:"p";i:1;i:1773741816;i:2;s:1:"/";i:3;i:6;i:4;i:0;i:5;i:0;i:6;s:0:"";}
a:7:{i:0;s:1:"p";i:1;i:1773741821;i:2;s:66:"/category/promyslove-osvitlennia/led-svitylnyky-linijni-ip44-ip65/";i:3;i:0;i:4;i:0;i:5;i:0;i:6;s:0:"";}
a:7:{i:0;s:1:"p";i:1;i:1773741904;i:2;s:59:"/ru/product/eurolamp-led-svetylnyk-lynejnyj-54w-6500k-1-2m/";i:3;i:6717;i:4;i:1;i:5;i:1;i:6;s:23:"https://www.google.com/";}
a:7:{i:0;s:1:"p";i:1;i:1773742004;i:2;s:86:"/product/svitlodiodnyj-eurolamp-led-svitylnyk-smart-light-van-gogh-48w-rgb-3000-6500k/";i:3;i:1994;i:4;i:0;i:5;i:1;i:6;s:0:"";}
a:7:{i:0;s:1:"p";i:1;i:1773742020;i:2;s:45:"/category/akumuliatory/akumuliatorni-batarei/";i:3;i:0;i:4;i:1;i:5;i:1;i:6;s:23:"https://www.google.com/";}
a:7:{i:0;s:1:"p";i:1;i:1773742072;i:2;s:32:"/category/avtonomne-osvitlennia/";i:3;i:0;i:4;i:1;i:5;i:1;i:6;s:0:"";}
a:7:{i:0;s:1:"p";i:1;i:1773742547;i:2;s:48:"/category/akumuliatory/akumuliatory-dlia-droniv/";i:3;i:0;i:4;i:1;i:5;i:1;i:6;s:0:"";}
a:7:{i:0;s:1:"p";i:1;i:1773742570;i:2;s:12:"/my-account/";i:3;i:13;i:4;i:1;i:5;i:1;i:6;s:0:"";}
a:7:{i:0;s:1:"p";i:1;i:1773743035;i:2;s:1:"/";i:3;i:6;i:4;i:1;i:5;i:1;i:6;s:0:"";}
a:7:{i:0;s:1:"p";i:1;i:1773743045;i:2;s:73:"/category/administrativno-promislove-osvitlennja/svitlodiodni-led-paneli/";i:3;i:0;i:4;i:0;i:5;i:1;i:6;s:0:"";}
a:7:{i:0;s:1:"p";i:1;i:1773743052;i:2;s:105:"/product/svitlodiodnyj-promo-nabir-eurolamp-led-svitylnyky-60-60-panel-bila-ramka-36w-4000k-2v1__trashed/";i:3;i:2235;i:4;i:0;i:5;i:1;i:6;s:0:"";}
a:7:{i:0;s:1:"p";i:1;i:1773743067;i:2;s:56:"/product/led-svitylnyk-595-595-panel-40w-4000k-eurolamp/";i:3;i:9908;i:4;i:0;i:5;i:1;i:6;s:0:"";}
a:7:{i:0;s:1:"p";i:1;i:1773743177;i:2;s:98:"/product/led-svitylnyk-vulychnyj-z-akumuliatorom-ta-soniachnoiu-batareieiu-s1-2w-5v-ip54-eurolamp/";i:3;i:10649;i:4;i:0;i:5;i:1;i:6;s:0:"";}
a:7:{i:0;s:1:"p";i:1;i:1773743480;i:2;s:28:"/category/aktsii-rozprodazh/";i:3;i:0;i:4;i:0;i:5;i:1;i:6;s:0:"";}
a:7:{i:0;s:1:"p";i:1;i:1773743487;i:2;s:67:"/product/akumuliatorna-batareia-molicel-inr21700-p42a-3-7v-4200mah/";i:3;i:7227;i:4;i:1;i:5;i:1;i:6;s:54:"android-app://com.google.android.googlequicksearchbox/";}
a:7:{i:0;s:1:"p";i:1;i:1773743487;i:2;s:1:"/";i:3;i:6;i:4;i:1;i:5;i:1;i:6;s:23:"https://www.google.com/";}
a:7:{i:0;s:1:"p";i:1;i:1773743608;i:2;s:80:"/ru/product/svetodyodnyj-eurolamp-led-svetylnyk-kruhlyj-downlight-new-24w-4000k/";i:3;i:5117;i:4;i:0;i:5;i:1;i:6;s:23:"https://www.google.com/";}
a:7:{i:0;s:1:"p";i:1;i:1773743677;i:2;s:33:"/category/svitlodiodni-led-lampi/";i:3;i:0;i:4;i:1;i:5;i:1;i:6;s:0:"";}
a:7:{i:0;s:1:"p";i:1;i:1773743751;i:2;s:67:"/product/akumuliatorna-batareia-molicel-inr21700-p42a-3-7v-4200mah/";i:3;i:7227;i:4;i:0;i:5;i:1;i:6;s:0:"";}
a:7:{i:0;s:1:"p";i:1;i:1773743988;i:2;s:62:"/ru/category/admynystratyvnoe-osveshchenye/led-panely-600-600/";i:3;i:0;i:4;i:1;i:5;i:1;i:6;s:23:"https://www.google.com/";}
a:7:{i:0;s:1:"p";i:1;i:1773744213;i:2;s:1:"/";i:3;i:6;i:4;i:1;i:5;i:1;i:6;s:23:"https://www.google.com/";}
a:7:{i:0;s:1:"p";i:1;i:1773744385;i:2;s:48:"/shop/ru/category/admynystratyvnoe-osveshchenye/";i:3;i:0;i:4;i:1;i:5;i:1;i:6;s:23:"https://www.google.com/";}
a:7:{i:0;s:1:"p";i:1;i:1773744483;i:2;s:50:"/ru/product/akumuliator-gotion-102ah-lifepo4-3-2v/";i:3;i:13398;i:4;i:1;i:5;i:1;i:6;s:23:"https://www.google.com/";}
a:7:{i:0;s:1:"p";i:1;i:1773744561;i:2;s:1:"/";i:3;i:6;i:4;i:1;i:5;i:1;i:6;s:23:"https://www.google.com/";}
a:7:{i:0;s:1:"p";i:1;i:1773744644;i:2;s:1:"/";i:3;i:6;i:4;i:1;i:5;i:1;i:6;s:23:"https://www.google.com/";}
a:7:{i:0;s:1:"p";i:1;i:1773744673;i:2;s:1:"/";i:3;i:6;i:4;i:1;i:5;i:1;i:6;s:23:"https://www.google.com/";}
a:7:{i:0;s:1:"p";i:1;i:1773744723;i:2;s:73:"/ru/product/svetodyodnaia-eurolamp-led-lampa-shar-jeko-g95-15w-e27-4000k/";i:3;i:4623;i:4;i:1;i:5;i:1;i:6;s:23:"https://www.google.com/";}
a:7:{i:0;s:1:"p";i:1;i:1773744742;i:2;s:13:"/ru/kontakti/";i:3;i:4529;i:4;i:0;i:5;i:1;i:6;s:0:"";}
a:7:{i:0;s:1:"p";i:1;i:1773744811;i:2;s:79:"/product/eurolamp-led-prozhektor-modulnyj-z-intehrovanym-radiatorom-100w-5000k/";i:3;i:2308;i:4;i:1;i:5;i:1;i:6;s:23:"https://www.google.com/";}
a:7:{i:0;s:1:"p";i:1;i:1773745148;i:2;s:74:"/ru/product/eurolamp-svetodyodnyj-avaryjnyj-svetylnyk-s-akkumuliatorom-6w/";i:3;i:4952;i:4;i:1;i:5;i:1;i:6;s:23:"https://www.google.com/";}
a:7:{i:0;s:1:"p";i:1;i:1773745225;i:2;s:1:"/";i:3;i:6;i:4;i:1;i:5;i:1;i:6;s:23:"https://www.google.com/";}
a:7:{i:0;s:1:"p";i:1;i:1773745334;i:2;s:97:"/product/svitlodiodnyj-eurolamp-led-svitylnyk-kvadratnyj-smart-light-van-gogh-48w-rgb-3000-6500k/";i:3;i:1990;i:4;i:0;i:5;i:1;i:6;s:0:"";}
a:7:{i:0;s:1:"p";i:1;i:1773745392;i:2;s:67:"/product/eurolamp-led-svitylnyk-kruhlyj-downlight-9w-4000k-chornyj/";i:3;i:5454;i:4;i:1;i:5;i:1;i:6;s:0:"";}
a:7:{i:0;s:1:"p";i:1;i:1773745403;i:2;s:75:"/ru/product/eurolamp-svetodyodnyj-avaryjnyj-svetylnyk-s-akkumuliatorom-24w/";i:3;i:5076;i:4;i:0;i:5;i:1;i:6;s:23:"https://www.google.com/";}
a:7:{i:0;s:1:"p";i:1;i:1773745418;i:2;s:79:"/product/eurolamp-led-svitylnyk-industrialnyj-high-bay-ufo-new-ip65-100w-5000k/";i:3;i:2322;i:4;i:1;i:5;i:1;i:6;s:23:"https://www.google.com/";}
a:7:{i:0;s:1:"p";i:1;i:1773745429;i:2;s:1:"/";i:3;i:6;i:4;i:1;i:5;i:1;i:6;s:23:"https://www.google.com/";}
a:7:{i:0;s:1:"p";i:1;i:1773745442;i:2;s:54:"/category/svitlodiodni-led-svitilniki/spoty-pid-lampu/";i:3;i:0;i:4;i:0;i:5;i:1;i:6;s:0:"";}
a:7:{i:0;s:1:"p";i:1;i:1773745736;i:2;s:64:"/product/akumuliatornyj-element-molicel-p50b-21700-5000mah-3-6v/";i:3;i:13305;i:4;i:1;i:5;i:1;i:6;s:23:"https://www.google.com/";}
a:7:{i:0;s:1:"p";i:1;i:1773746043;i:2;s:67:"/product/eurolamp-led-svitylnyk-kruhlyj-downlight-9w-4000k-chornyj/";i:3;i:5454;i:4;i:1;i:5;i:1;i:6;s:0:"";}
a:7:{i:0;s:1:"p";i:1;i:1773746412;i:2;s:1:"/";i:3;i:6;i:4;i:1;i:5;i:1;i:6;s:23:"https://www.google.com/";}
a:7:{i:0;s:1:"p";i:1;i:1773746433;i:2;s:38:"/category/svitlodiodni-led-svitilniki/";i:3;i:0;i:4;i:0;i:5;i:1;i:6;s:0:"";}
a:7:{i:0;s:1:"p";i:1;i:1773746460;i:2;s:62:"/category/svitlodiodni-led-svitilniki/led-svitylnyky-nichnyky/";i:3;i:0;i:4;i:0;i:5;i:1;i:6;s:0:"";}
a:7:{i:0;s:1:"p";i:1;i:1773746545;i:2;s:67:"/product/eurolamp-led-svitylnyk-kruhlyj-downlight-9w-4000k-chornyj/";i:3;i:5454;i:4;i:0;i:5;i:0;i:6;s:0:"";}
a:7:{i:0;s:1:"p";i:1;i:1773746640;i:2;s:78:"/ru/product/akumuliatorna-batareia-dlia-bpla-vampire-solid-state-66000-ma-hod/";i:3;i:12148;i:4;i:1;i:5;i:1;i:6;s:23:"https://www.google.com/";}
a:7:{i:0;s:1:"p";i:1;i:1773746763;i:2;s:1:"/";i:3;i:6;i:4;i:0;i:5;i:0;i:6;s:23:"https://www.google.com/";}
a:7:{i:0;s:1:"p";i:1;i:1773746866;i:2;s:1:"/";i:3;i:6;i:4;i:1;i:5;i:1;i:6;s:23:"https://www.google.com/";}
a:7:{i:0;s:1:"p";i:1;i:1773746882;i:2;s:65:"/ru/product/eurolamp-svetodyodnyj-fonar-portatyvnyj-6w-molochnyj/";i:3;i:5096;i:4;i:1;i:5;i:1;i:6;s:23:"https://www.google.com/";}
a:7:{i:0;s:1:"p";i:1;i:1773746888;i:2;s:13:"/ru/kontakti/";i:3;i:4529;i:4;i:0;i:5;i:1;i:6;s:0:"";}
a:7:{i:0;s:1:"p";i:1;i:1773747133;i:2;s:1:"/";i:3;i:6;i:4;i:1;i:5;i:1;i:6;s:23:"https://www.google.com/";}
a:7:{i:0;s:1:"p";i:1;i:1773747671;i:2;s:1:"/";i:3;i:6;i:4;i:1;i:5;i:1;i:6;s:23:"https://www.google.com/";}
a:7:{i:0;s:1:"p";i:1;i:1773747689;i:2;s:63:"/category/svitlodiodni-led-svitilniki/led-svitylnyky-vbudovani/";i:3;i:0;i:4;i:0;i:5;i:1;i:6;s:0:"";}
a:7:{i:0;s:1:"p";i:1;i:1773747698;i:2;s:91:"/product/eurolamp-led-svitlodiodnyj-likhtar-portatyvnyj-6w-battery-type-c-zelenyj__trashed/";i:3;i:3071;i:4;i:0;i:5;i:1;i:6;s:0:"";}
a:7:{i:0;s:1:"p";i:1;i:1773747734;i:2;s:1:"/";i:3;i:6;i:4;i:1;i:5;i:1;i:6;s:23:"https://www.google.com/";}
a:7:{i:0;s:1:"p";i:1;i:1773747753;i:2;s:87:"/ru/product/svitlodiodnyj-eurolamp-led-svitylnyk-smart-light-sandinavia-72w-3000-6500k/";i:3;i:8029;i:4;i:1;i:5;i:1;i:6;s:26:"https://www.google.com.ua/";}
a:7:{i:0;s:1:"p";i:1;i:1773747796;i:2;s:1:"/";i:3;i:6;i:4;i:0;i:5;i:0;i:6;s:0:"";}
a:7:{i:0;s:1:"p";i:1;i:1773747802;i:2;s:42:"/product/akb-solid-state-66000-mah-kuputy/";i:3;i:12127;i:4;i:1;i:5;i:1;i:6;s:23:"https://www.google.com/";}
a:7:{i:0;s:1:"p";i:1;i:1773748106;i:2;s:54:"/product/drajver-dlia-led-svitylnyka-40w-emc-eurolamp/";i:3;i:12654;i:4;i:1;i:5;i:1;i:6;s:23:"https://www.google.com/";}
a:7:{i:0;s:1:"p";i:1;i:1773748530;i:2;s:58:"/ru/product/eurolamp-led-lampa-kapsulnaia-g4-5w-4000k-12v/";i:3;i:6897;i:4;i:1;i:5;i:1;i:6;s:0:"";}
a:7:{i:0;s:1:"p";i:1;i:1773748586;i:2;s:67:"/product/akumuliatorna-batareia-molicel-inr21700-p42a-3-7v-4200mah/";i:3;i:7227;i:4;i:0;i:5;i:0;i:6;s:0:"";}
a:7:{i:0;s:1:"p";i:1;i:1773748595;i:2;s:67:"/product/eurolamp-led-svitylnyk-spot-dlia-lamp-1-30vt-gu10-chornyj/";i:3;i:4135;i:4;i:0;i:5;i:1;i:6;s:0:"";}
a:7:{i:0;s:1:"p";i:1;i:1773748808;i:2;s:77:"/category/svitlodiodni-led-svitilniki/led-svitylnyky-tochkovi-dlia-lamp-gx53/";i:3;i:0;i:4;i:0;i:5;i:1;i:6;s:0:"";}
a:7:{i:0;s:1:"p";i:1;i:1773748819;i:2;s:77:"/category/svitlodiodni-led-svitilniki/svitlodiodni-led-smartlight-svitilniki/";i:3;i:0;i:4;i:0;i:5;i:1;i:6;s:0:"";}
a:7:{i:0;s:1:"p";i:1;i:1773748845;i:2;s:61:"/category/svitlodiodni-led-lampi/led-lampy-z-datchykov-rukhu/";i:3;i:0;i:4;i:1;i:5;i:1;i:6;s:23:"https://www.google.com/";}
a:7:{i:0;s:1:"p";i:1;i:1773748980;i:2;s:79:"/product/eurolamp-led-svitylnyk-industrialnyj-high-bay-ufo-new-ip65-100w-5000k/";i:3;i:2322;i:4;i:1;i:5;i:1;i:6;s:23:"https://www.google.com/";}
a:7:{i:0;s:1:"p";i:1;i:1773749012;i:2;s:75:"/ru/product/eurolamp-svetodyodnyj-avaryjnyj-svetylnyk-s-akkumuliatorom-12w/";i:3;i:4955;i:4;i:1;i:5;i:1;i:6;s:23:"https://www.google.com/";}
a:7:{i:0;s:1:"p";i:1;i:1773749018;i:2;s:23:"/ru/category/led-lampy/";i:3;i:0;i:4;i:0;i:5;i:1;i:6;s:0:"";}
a:7:{i:0;s:1:"p";i:1;i:1773749066;i:2;s:67:"/product/cvitlodiodna-eurolamp-led-lampa-shar-eko-g45-5w-e27-4000k/";i:3;i:832;i:4;i:1;i:5;i:1;i:6;s:23:"https://www.google.com/";}
a:7:{i:0;s:1:"p";i:1;i:1773749078;i:2;s:101:"/product/svitlodiodnyj-eurolamp-led-svitylnyk-kruhlyj-nakladnyj-zhkkh-z-datchykom-rukhu-12w-5000k-g8/";i:3;i:2934;i:4;i:1;i:5;i:1;i:6;s:23:"https://www.google.com/";}
a:7:{i:0;s:1:"p";i:1;i:1773749108;i:2;s:59:"/product/euroelectric-invertor-soniachnyj-avtonomnyj-3000w/";i:3;i:9603;i:4;i:1;i:5;i:1;i:6;s:23:"https://www.google.com/";}
a:7:{i:0;s:1:"p";i:1;i:1773749112;i:2;s:75:"/ru/product/eurolamp-svetodyodnyj-avaryjnyj-svetylnyk-s-akkumuliatorom-24w/";i:3;i:5076;i:4;i:0;i:5;i:1;i:6;s:23:"https://www.google.com/";}
a:7:{i:0;s:1:"p";i:1;i:1773749144;i:2;s:67:"/product/eurolamp-led-svitylnyk-kruhlyj-downlight-9w-4000k-chornyj/";i:3;i:5454;i:4;i:0;i:5;i:0;i:6;s:0:"";}
a:7:{i:0;s:1:"p";i:1;i:1773749234;i:2;s:73:"/product/klasichna-svitlodiodna-eurolamp-led-lampa-eko-a60-10w-e27-4000k/";i:3;i:695;i:4;i:1;i:5;i:1;i:6;s:23:"https://www.google.com/";}
a:7:{i:0;s:1:"p";i:1;i:1773749250;i:2;s:9:"/catalog/";i:3;i:0;i:4;i:0;i:5;i:1;i:6;s:0:"";}
a:7:{i:0;s:1:"p";i:1;i:1773749375;i:2;s:62:"/ru/category/avtonomnoe-osveshchenye/led-svetylnyky-avaryjnye/";i:3;i:0;i:4;i:1;i:5;i:1;i:6;s:23:"https://www.google.com/";}
a:7:{i:0;s:1:"p";i:1;i:1773749396;i:2;s:71:"/ru/product/eurolamp-led-svitylnyk-avarijnyj-z-akumuliatorom-12w-5000k/";i:3;i:5614;i:4;i:0;i:5;i:1;i:6;s:0:"";}
a:7:{i:0;s:1:"p";i:1;i:1773749430;i:2;s:10:"/kontakti/";i:3;i:121;i:4;i:0;i:5;i:1;i:6;s:0:"";}
a:7:{i:0;s:1:"p";i:1;i:1773749478;i:2;s:38:"/category/svitlodiodni-led-svitilniki/";i:3;i:0;i:4;i:0;i:5;i:1;i:6;s:0:"";}
a:7:{i:0;s:1:"p";i:1;i:1773749529;i:2;s:100:"/product/svitlodiodnyj-eurolamp-led-svitylnyk-kruhlyj-nakladnyj-zhkkh-z-datchykom-rukhu-8w-5000k-g7/";i:3;i:2938;i:4;i:0;i:5;i:1;i:6;s:23:"https://www.google.com/";}
a:7:{i:0;s:1:"p";i:1;i:1773749696;i:2;s:74:"/ru/product/eurolamp-svetodyodnyj-avaryjnyj-svetylnyk-s-akkumuliatorom-6w/";i:3;i:4952;i:4;i:0;i:5;i:1;i:6;s:0:"";}
a:7:{i:0;s:1:"p";i:1;i:1773749699;i:2;s:66:"/product/svitlodiodna-linijna-eurolamp-led-lampa-t8-9w-4000k-sklo/";i:3;i:1302;i:4;i:1;i:5;i:1;i:6;s:23:"https://www.google.com/";}
a:7:{i:0;s:1:"p";i:1;i:1773749755;i:2;s:71:"/ru/product/eurolamp-led-svitylnyk-avarijnyj-z-akumuliatorom-12w-5000k/";i:3;i:5614;i:4;i:1;i:5;i:1;i:6;s:0:"";}
a:7:{i:0;s:1:"p";i:1;i:1773749847;i:2;s:71:"/ru/product/eurolamp-led-svitylnyk-avarijnyj-z-akumuliatorom-12w-5000k/";i:3;i:5614;i:4;i:0;i:5;i:0;i:6;s:0:"";}
a:7:{i:0;s:1:"p";i:1;i:1773750137;i:2;s:1:"/";i:3;i:6;i:4;i:1;i:5;i:1;i:6;s:0:"";}
a:7:{i:0;s:1:"p";i:1;i:1773750305;i:2;s:1:"/";i:3;i:6;i:4;i:1;i:5;i:1;i:6;s:23:"https://www.google.com/";}
a:7:{i:0;s:1:"p";i:1;i:1773750496;i:2;s:68:"/product/eurolamp-led-svitylnyk-avarijnyj-z-akumuliatorom-12w-5000k/";i:3;i:5613;i:4;i:0;i:5;i:1;i:6;s:23:"https://www.google.com/";}
a:7:{i:0;s:1:"p";i:1;i:1773750606;i:2;s:98:"/product/svitlodiodnyj-eurolamp-led-svitylnyk-kruhlyj-nakladnyj-zhkkh-z-datchykom-rukhu-12w-5000k/";i:3;i:2227;i:4;i:0;i:5;i:1;i:6;s:0:"";}
a:7:{i:0;s:1:"p";i:1;i:1773750618;i:2;s:87:"/product/eurolamp-led-svitylnyk-kruhlyj-nakladnyj-zhkkh-z-datchykom-rukhu-20w-5000k-g9/";i:3;i:6735;i:4;i:0;i:5;i:1;i:6;s:0:"";}
a:7:{i:0;s:1:"p";i:1;i:1773750675;i:2;s:69:"/product/led-svitylnyk-tochkovyj-dlia-lamp-gx53-sribliastyj-eurolamp/";i:3;i:14338;i:4;i:0;i:5;i:0;i:6;s:0:"";}
a:7:{i:0;s:1:"p";i:1;i:1773750803;i:2;s:1:"/";i:3;i:6;i:4;i:1;i:5;i:1;i:6;s:23:"https://www.google.com/";}
a:7:{i:0;s:1:"p";i:1;i:1773750958;i:2;s:51:"/product/akumuliator-ifr26650-3-2v-4000mah-lifepo4/";i:3;i:12656;i:4;i:1;i:5;i:1;i:6;s:0:"";}
a:7:{i:0;s:1:"p";i:1;i:1773750980;i:2;s:54:"/ru/product/akumuliator-ifr26650-3-2v-4000mah-lifepo4/";i:3;i:12657;i:4;i:1;i:5;i:1;i:6;s:23:"https://www.google.com/";}
a:7:{i:0;s:1:"p";i:1;i:1773751132;i:2;s:70:"/product/svitlodiodna-eurolamp-led-lampa-vysokopotuzhna-40w-e40-6500k/";i:3;i:1309;i:4;i:1;i:5;i:1;i:6;s:23:"https://www.google.com/";}
a:7:{i:0;s:1:"p";i:1;i:1773751138;i:2;s:70:"/product/svitlodiodna-eurolamp-led-lampa-vysokopotuzhna-40w-e40-6500k/";i:3;i:1309;i:4;i:0;i:5;i:0;i:6;s:23:"https://www.google.com/";}
a:7:{i:0;s:1:"p";i:1;i:1773751143;i:2;s:10:"/kontakti/";i:3;i:121;i:4;i:0;i:5;i:1;i:6;s:0:"";}
a:7:{i:0;s:1:"p";i:1;i:1773751151;i:2;s:101:"/product/svitlodiodnyj-eurolamp-led-svitylnyk-kruhlyj-nakladnyj-zhkkh-z-datchykom-rukhu-12w-5000k-g8/";i:3;i:2934;i:4;i:0;i:5;i:0;i:6;s:0:"";}
a:7:{i:0;s:1:"p";i:1;i:1773751164;i:2;s:100:"/product/svitlodiodnyj-eurolamp-led-svitylnyk-kruhlyj-nakladnyj-zhkkh-z-datchykom-rukhu-8w-5000k-g7/";i:3;i:2938;i:4;i:0;i:5;i:0;i:6;s:0:"";}
a:7:{i:0;s:1:"p";i:1;i:1773751436;i:2;s:87:"/product/eurolamp-led-svitylnyk-kruhlyj-nakladnyj-zhkkh-z-datchykom-rukhu-20w-5000k-g9/";i:3;i:6735;i:4;i:1;i:5;i:1;i:6;s:0:"";}
a:7:{i:0;s:1:"p";i:1;i:1773751672;i:2;s:64:"/product/euroelectric-batarejka-luzhna-aa-lr6-1-5v-blister-4sht/";i:3;i:999;i:4;i:1;i:5;i:1;i:6;s:23:"https://www.google.com/";}
a:7:{i:0;s:1:"p";i:1;i:1773751884;i:2;s:108:"/ru/product/svetodyodnyj-eurolamp-led-svetylnyk-kruhlyj-nakladnoj-zhkkh-s-datchykom-dvyzhenyia-12w-5000k-g8/";i:3;i:5070;i:4;i:1;i:5;i:1;i:6;s:23:"https://www.google.com/";}
a:7:{i:0;s:1:"p";i:1;i:1773751899;i:2;s:1:"/";i:3;i:6;i:4;i:1;i:5;i:1;i:6;s:23:"https://www.google.com/";}
a:7:{i:0;s:1:"p";i:1;i:1773752033;i:2;s:80:"/product/svitlodiodnyj-eurolamp-led-svitylnyk-linijnyj-ip65-18w-4000k-0-6m-slim/";i:3;i:2247;i:4;i:1;i:5;i:1;i:6;s:23:"https://www.google.com/";}
a:7:{i:0;s:1:"p";i:1;i:1773752125;i:2;s:1:"/";i:3;i:6;i:4;i:0;i:5;i:0;i:6;s:23:"https://www.google.com/";}
a:7:{i:0;s:1:"p";i:1;i:1773752282;i:2;s:80:"/ru/product/svetodyodnyj-eurolamp-led-svetylnyk-kruhlyj-downlight-new-24w-4000k/";i:3;i:5117;i:4;i:1;i:5;i:1;i:6;s:23:"https://www.google.com/";}
a:7:{i:0;s:1:"p";i:1;i:1773752474;i:2;s:71:"/ru/product/eurolamp-led-svitylnyk-avarijnyj-z-akumuliatorom-12w-5000k/";i:3;i:5614;i:4;i:0;i:5;i:0;i:6;s:0:"";}
a:7:{i:0;s:1:"p";i:1;i:1773752597;i:2;s:1:"/";i:3;i:6;i:4;i:1;i:5;i:1;i:6;s:23:"https://www.google.com/";}
a:7:{i:0;s:1:"p";i:1;i:1773752761;i:2;s:98:"/product/svitlodiodnyj-eurolamp-led-svitylnyk-kruhlyj-nakladnyj-zhkkh-z-datchykom-rukhu-12w-5000k/";i:3;i:2227;i:4;i:1;i:5;i:1;i:6;s:0:"";}
a:7:{i:0;s:1:"p";i:1;i:1773753031;i:2;s:67:"/product/eurolamp-led-svitylnyk-spot-dlia-lamp-1-30vt-gu10-chornyj/";i:3;i:4135;i:4;i:0;i:5;i:0;i:6;s:0:"";}
a:7:{i:0;s:1:"p";i:1;i:1773753036;i:2;s:1:"/";i:3;i:0;i:4;i:0;i:5;i:0;i:6;s:0:"";}
a:7:{i:0;s:1:"p";i:1;i:1773753042;i:2;s:91:"/product/eurolamp-led-svitlodiodnyj-likhtar-portatyvnyj-6w-battery-type-c-zelenyj__trashed/";i:3;i:3071;i:4;i:0;i:5;i:1;i:6;s:0:"";}
a:7:{i:0;s:1:"p";i:1;i:1773753080;i:2;s:95:"/ru/product/euroelectric-rele-kontrolia-napriazhenyia-v-rozetku-16a-3-5kvt-150v-210v-230v-280v/";i:3;i:5082;i:4;i:1;i:5;i:1;i:6;s:23:"https://www.google.com/";}
a:7:{i:0;s:1:"p";i:1;i:1773753389;i:2;s:80:"/product/svitlodiodnyj-eurolamp-led-svitylnyk-linijnyj-ip65-36w-4000k-1-2m-slim/";i:3;i:2243;i:4;i:1;i:5;i:1;i:6;s:23:"https://www.google.com/";}
a:7:{i:0;s:1:"p";i:1;i:1773753475;i:2;s:1:"/";i:3;i:6;i:4;i:1;i:5;i:1;i:6;s:23:"https://www.google.com/";}
a:7:{i:0;s:1:"p";i:1;i:1773753547;i:2;s:1:"/";i:3;i:6;i:4;i:1;i:5;i:1;i:6;s:23:"https://www.google.com/";}
a:7:{i:0;s:1:"p";i:1;i:1773753578;i:2;s:84:"/category/svitlodiodni-led-svitilniki/nastilni-pidlogovi-svitlodiodni-led-svitilnki/";i:3;i:0;i:4;i:0;i:5;i:1;i:6;s:0:"";}
a:7:{i:0;s:1:"p";i:1;i:1773753587;i:2;s:62:"/category/svitlodiodni-led-svitilniki/led-svitylnyky-nichnyky/";i:3;i:0;i:4;i:0;i:5;i:1;i:6;s:0:"";}
a:7:{i:0;s:1:"p";i:1;i:1773753736;i:2;s:1:"/";i:3;i:6;i:4;i:1;i:5;i:1;i:6;s:23:"https://www.google.com/";}
a:7:{i:0;s:1:"p";i:1;i:1773753741;i:2;s:1:"/";i:3;i:6;i:4;i:1;i:5;i:1;i:6;s:0:"";}
a:7:{i:0;s:1:"p";i:1;i:1773753754;i:2;s:1:"/";i:3;i:6;i:4;i:0;i:5;i:0;i:6;s:23:"https://www.google.com/";}
a:7:{i:0;s:1:"p";i:1;i:1773753768;i:2;s:49:"/category/avtonomne-osvitlennia/likhtari-nalobni/";i:3;i:0;i:4;i:0;i:5;i:1;i:6;s:0:"";}
a:7:{i:0;s:1:"p";i:1;i:1773754005;i:2;s:1:"/";i:3;i:6;i:4;i:1;i:5;i:1;i:6;s:23:"https://www.google.com/";}
a:7:{i:0;s:1:"p";i:1;i:1773754025;i:2;s:64:"/ru/category/dekoratyvnoe-osveshchenye/led-svetylnyky-nastolnye/";i:3;i:0;i:4;i:1;i:5;i:1;i:6;s:23:"https://www.google.com/";}
a:7:{i:0;s:1:"p";i:1;i:1773754279;i:2;s:38:"/category/svitlodiodni-led-svitilniki/";i:3;i:0;i:4;i:1;i:5;i:1;i:6;s:0:"";}
a:7:{i:0;s:1:"p";i:1;i:1773754292;i:2;s:63:"/category/svitlodiodni-led-svitilniki/led-svitylnyky-vbudovani/";i:3;i:0;i:4;i:0;i:5;i:1;i:6;s:0:"";}
a:7:{i:0;s:1:"p";i:1;i:1773754296;i:2;s:67:"/product/svitlodiodna-linijna-eurolamp-led-lampa-t8-18w-6500k-sklo/";i:3;i:1299;i:4;i:1;i:5;i:1;i:6;s:23:"https://www.google.com/";}
a:7:{i:0;s:1:"p";i:1;i:1773754339;i:2;s:1:"/";i:3;i:6;i:4;i:1;i:5;i:1;i:6;s:0:"";}
a:7:{i:0;s:1:"p";i:1;i:1773754342;i:2;s:61:"/product/avtomobilnyj-akumuliator-hardy-6st-75-12v-75ah-760a/";i:3;i:11646;i:4;i:1;i:5;i:1;i:6;s:23:"https://www.google.com/";}
a:7:{i:0;s:1:"p";i:1;i:1773754356;i:2;s:64:"/ru/product/avtomobilnyj-akumuliator-hardy-6st-75-12v-75ah-760a/";i:3;i:11678;i:4;i:0;i:5;i:1;i:6;s:23:"https://www.google.com/";}
a:7:{i:0;s:1:"p";i:1;i:1773754431;i:2;s:67:"/product/svitlodiodna-linijna-eurolamp-led-lampa-t8-18w-6500k-sklo/";i:3;i:1299;i:4;i:0;i:5;i:0;i:6;s:23:"https://www.google.com/";}
a:7:{i:0;s:1:"p";i:1;i:1773754464;i:2;s:76:"/ru/product/svetodyodnaia-lynejnaia-eurolamp-led-lampa-t8-18w-6500k-140lm-w/";i:3;i:4694;i:4;i:1;i:5;i:1;i:6;s:23:"https://www.google.com/";}
a:7:{i:0;s:1:"p";i:1;i:1773754515;i:2;s:1:"/";i:3;i:6;i:4;i:1;i:5;i:1;i:6;s:23:"https://www.google.com/";}
a:7:{i:0;s:1:"p";i:1;i:1773754534;i:2;s:68:"/product/promo-nabir-eurolamp-led-eko-a60-10w-e27-3000k-aktsiia-2-1/";i:3;i:2345;i:4;i:0;i:5;i:0;i:6;s:0:"";}
a:7:{i:0;s:1:"p";i:1;i:1773754537;i:2;s:74:"/product/svitlodiodnyj-eurolamp-led-svitylnyk-kruhlyj-downlight-20w-4000k/";i:3;i:2111;i:4;i:0;i:5;i:1;i:6;s:0:"";}
a:7:{i:0;s:1:"p";i:1;i:1773754619;i:2;s:1:"/";i:3;i:6;i:4;i:1;i:5;i:1;i:6;s:23:"https://www.google.com/";}
a:7:{i:0;s:1:"p";i:1;i:1773754706;i:2;s:96:"/ru/product/eurolamp-led-svetylnyk-ovalnyj-nakladnoj-zhkkh-s-datchykom-dvyzhenyia-12w-5000k-g10/";i:3;i:6729;i:4;i:1;i:5;i:1;i:6;s:23:"https://www.google.com/";}
a:7:{i:0;s:1:"p";i:1;i:1773754712;i:2;s:1:"/";i:3;i:6;i:4;i:0;i:5;i:0;i:6;s:23:"https://www.google.com/";}
a:7:{i:0;s:1:"p";i:1;i:1773754802;i:2;s:42:"/product/akb-solid-state-66000-mah-kuputy/";i:3;i:12127;i:4;i:1;i:5;i:1;i:6;s:23:"https://www.google.com/";}
a:7:{i:0;s:1:"p";i:1;i:1773754812;i:2;s:69:"/ru/product/akumuliatorna-batareia-samsung-inr21700-50s-3-7v-5000mah/";i:3;i:7225;i:4;i:1;i:5;i:1;i:6;s:23:"https://www.google.com/";}
a:7:{i:0;s:1:"p";i:1;i:1773754830;i:2;s:45:"/category/akumuliatory/akumuliatorni-batarei/";i:3;i:0;i:4;i:1;i:5;i:1;i:6;s:23:"https://www.google.com/";}
a:7:{i:0;s:1:"p";i:1;i:1773754923;i:2;s:107:"/ru/product/svetodyodnyj-eurolamp-led-svetylnyk-kruhlyj-nakladnoj-zhkkh-s-datchykom-dvyzhenyia-8w-5000k-g7/";i:3;i:5071;i:4;i:1;i:5;i:1;i:6;s:23:"https://www.google.com/";}
a:7:{i:0;s:1:"p";i:1;i:1773754932;i:2;s:39:"/ru/category/dekoratyvnoe-osveshchenye/";i:3;i:0;i:4;i:0;i:5;i:1;i:6;s:0:"";}
a:7:{i:0;s:1:"p";i:1;i:1773754942;i:2;s:1:"/";i:3;i:6;i:4;i:1;i:5;i:1;i:6;s:23:"https://www.google.com/";}
a:7:{i:0;s:1:"p";i:1;i:1773754971;i:2;s:85:"/ru/product/led-svitylnyk-z-akumuliatorom-ta-datchykom-rukhu-30w-2700-6500k-eurolamp/";i:3;i:11759;i:4;i:0;i:5;i:1;i:6;s:0:"";}
a:7:{i:0;s:1:"p";i:1;i:1773754974;i:2;s:67:"/product/svitlodiodna-linijna-eurolamp-led-lampa-nano-t8-18w-6500k/";i:3;i:1295;i:4;i:0;i:5;i:1;i:6;s:23:"https://www.google.com/";}
a:7:{i:0;s:1:"p";i:1;i:1773754981;i:2;s:1:"/";i:3;i:6;i:4;i:0;i:5;i:0;i:6;s:23:"https://www.google.com/";}
a:7:{i:0;s:1:"p";i:1;i:1773755086;i:2;s:87:"/ru/product/euroelectric-led-lampa-s-datchykom-dvyzhenyia-a60-12w-sensor-e27-4000k-100/";i:3;i:7788;i:4;i:1;i:5;i:1;i:6;s:23:"https://www.google.com/";}
a:7:{i:0;s:1:"p";i:1;i:1773755102;i:2;s:1:"/";i:3;i:6;i:4;i:1;i:5;i:1;i:6;s:0:"";}
a:7:{i:0;s:1:"p";i:1;i:1773755129;i:2;s:1:"/";i:3;i:6;i:4;i:1;i:5;i:1;i:6;s:23:"https://www.google.com/";}
a:7:{i:0;s:1:"p";i:1;i:1773755151;i:2;s:63:"/category/svitlodiodni-led-svitilniki/led-svitylnyky-vbudovani/";i:3;i:0;i:4;i:0;i:5;i:1;i:6;s:0:"";}
a:7:{i:0;s:1:"p";i:1;i:1773755205;i:2;s:77:"/product/svitlodiodnyj-eurolamp-led-svitylnyk-kruhlyj-downlight-new-9w-4000k/";i:3;i:2129;i:4;i:0;i:5;i:1;i:6;s:0:"";}
a:7:{i:0;s:1:"p";i:1;i:1773755273;i:2;s:1:"/";i:3;i:6;i:4;i:1;i:5;i:1;i:6;s:0:"";}
a:7:{i:0;s:1:"p";i:1;i:1773755276;i:2;s:1:"/";i:3;i:0;i:4;i:0;i:5;i:0;i:6;s:0:"";}
a:7:{i:0;s:1:"p";i:1;i:1773755281;i:2;s:69:"/product/tochkova-svitlodiodna-eurolamp-led-lampa-eko-gx53-12w-4000k/";i:3;i:1047;i:4;i:0;i:5;i:1;i:6;s:0:"";}
a:7:{i:0;s:1:"p";i:1;i:1773755293;i:2;s:1:"/";i:3;i:6;i:4;i:1;i:5;i:1;i:6;s:23:"https://www.google.com/";}
a:7:{i:0;s:1:"p";i:1;i:1773755383;i:2;s:79:"/ru/product/svetodyodnyj-eurolamp-led-svetylnyk-kruhlyj-downlight-new-9w-4000k/";i:3;i:4871;i:4;i:0;i:5;i:1;i:6;s:0:"";}
a:7:{i:0;s:1:"p";i:1;i:1773755391;i:2;s:77:"/product/svitlodiodnyj-eurolamp-led-svitylnyk-kruhlyj-downlight-new-9w-4000k/";i:3;i:2129;i:4;i:0;i:5;i:0;i:6;s:0:"";}
a:7:{i:0;s:1:"p";i:1;i:1773755436;i:2;s:59:"/category/svitlodiodna-strichka-kontroler/led-strichky-smd/";i:3;i:0;i:4;i:0;i:5;i:1;i:6;s:0:"";}
a:7:{i:0;s:1:"p";i:1;i:1773755462;i:2;s:74:"/product/tochkova-svitlodiodna-eurolamp-led-lampa-eko-mr16-11w-gu10-3000k/";i:3;i:1016;i:4;i:0;i:5;i:1;i:6;s:0:"";}
a:7:{i:0;s:1:"p";i:1;i:1773755475;i:2;s:59:"/category/svitlodiodna-strichka-kontroler/led-strichky-cob/";i:3;i:0;i:4;i:0;i:5;i:1;i:6;s:0:"";}
a:7:{i:0;s:1:"p";i:1;i:1773755510;i:2;s:59:"/product/eurolamp-led-strichka-cob-320-diodiv-5m-24v-6500k/";i:3;i:4327;i:4;i:0;i:5;i:1;i:6;s:0:"";}
a:7:{i:0;s:1:"p";i:1;i:1773755566;i:2;s:28:"/category/aktsii-rozprodazh/";i:3;i:0;i:4;i:0;i:5;i:1;i:6;s:0:"";}
a:7:{i:0;s:1:"p";i:1;i:1773755593;i:2;s:61:"/product/eurolamp-led-strichka-smd-120-diodiv-m-5m-24v-6200k/";i:3;i:4362;i:4;i:1;i:5;i:1;i:6;s:0:"";}
a:7:{i:0;s:1:"p";i:1;i:1773755635;i:2;s:84:"/category/svitlodiodni-led-svitilniki/nastilni-pidlogovi-svitlodiodni-led-svitilnki/";i:3;i:0;i:4;i:0;i:5;i:1;i:6;s:0:"";}
a:7:{i:0;s:1:"p";i:1;i:1773755674;i:2;s:50:"/category/vulychne-osvitlennja/fasadni-svitulniki/";i:3;i:0;i:4;i:0;i:5;i:1;i:6;s:0:"";}
a:7:{i:0;s:1:"p";i:1;i:1773755690;i:2;s:75:"/category/vulychne-osvitlennja/vulychni-konsolni-svitlodiodni-led-likhtari/";i:3;i:0;i:4;i:0;i:5;i:1;i:6;s:0:"";}
a:7:{i:0;s:1:"p";i:1;i:1773755708;i:2;s:63:"/category/svitlodiodni-led-svitilniki/led-svitylnyky-vbudovani/";i:3;i:0;i:4;i:0;i:5;i:0;i:6;s:0:"";}
a:7:{i:0;s:1:"p";i:1;i:1773755746;i:2;s:10:"/garantii/";i:3;i:117;i:4;i:0;i:5;i:1;i:6;s:0:"";}
a:7:{i:0;s:1:"p";i:1;i:1773755806;i:2;s:1:"/";i:3;i:6;i:4;i:1;i:5;i:1;i:6;s:23:"https://www.google.com/";}
a:7:{i:0;s:1:"p";i:1;i:1773755830;i:2;s:63:"/category/svitlodiodni-led-svitilniki/led-svitylnyky-vbudovani/";i:3;i:0;i:4;i:0;i:5;i:1;i:6;s:0:"";}
a:7:{i:0;s:1:"p";i:1;i:1773755850;i:2;s:63:"/category/svitlodiodni-led-svitilniki/led-svitylnyky-vbudovani/";i:3;i:0;i:4;i:0;i:5;i:0;i:6;s:0:"";}
a:7:{i:0;s:1:"p";i:1;i:1773755851;i:2;s:75:"/category/vulychne-osvitlennja/vulychni-konsolni-svitlodiodni-led-likhtari/";i:3;i:0;i:4;i:0;i:5;i:0;i:6;s:0:"";}
a:7:{i:0;s:1:"p";i:1;i:1773755852;i:2;s:50:"/category/vulychne-osvitlennja/fasadni-svitulniki/";i:3;i:0;i:4;i:0;i:5;i:0;i:6;s:0:"";}
a:7:{i:0;s:1:"p";i:1;i:1773755852;i:2;s:84:"/category/svitlodiodni-led-svitilniki/nastilni-pidlogovi-svitlodiodni-led-svitilnki/";i:3;i:0;i:4;i:0;i:5;i:0;i:6;s:0:"";}
a:7:{i:0;s:1:"p";i:1;i:1773755853;i:2;s:28:"/category/aktsii-rozprodazh/";i:3;i:0;i:4;i:0;i:5;i:0;i:6;s:0:"";}
a:7:{i:0;s:1:"p";i:1;i:1773755853;i:2;s:59:"/product/eurolamp-led-strichka-cob-320-diodiv-5m-24v-6500k/";i:3;i:4327;i:4;i:0;i:5;i:0;i:6;s:0:"";}
a:7:{i:0;s:1:"p";i:1;i:1773755854;i:2;s:59:"/category/svitlodiodna-strichka-kontroler/led-strichky-cob/";i:3;i:0;i:4;i:0;i:5;i:0;i:6;s:0:"";}
a:7:{i:0;s:1:"p";i:1;i:1773755855;i:2;s:59:"/category/svitlodiodna-strichka-kontroler/led-strichky-smd/";i:3;i:0;i:4;i:0;i:5;i:0;i:6;s:0:"";}
a:7:{i:0;s:1:"p";i:1;i:1773755855;i:2;s:77:"/product/svitlodiodnyj-eurolamp-led-svitylnyk-kruhlyj-downlight-new-9w-4000k/";i:3;i:2129;i:4;i:0;i:5;i:0;i:6;s:0:"";}
a:7:{i:0;s:1:"p";i:1;i:1773755856;i:2;s:79:"/ru/product/svetodyodnyj-eurolamp-led-svetylnyk-kruhlyj-downlight-new-9w-4000k/";i:3;i:4871;i:4;i:0;i:5;i:0;i:6;s:0:"";}
a:7:{i:0;s:1:"p";i:1;i:1773755857;i:2;s:77:"/product/svitlodiodnyj-eurolamp-led-svitylnyk-kruhlyj-downlight-new-9w-4000k/";i:3;i:2129;i:4;i:0;i:5;i:0;i:6;s:0:"";}
a:7:{i:0;s:1:"p";i:1;i:1773755858;i:2;s:63:"/category/svitlodiodni-led-svitilniki/led-svitylnyky-vbudovani/";i:3;i:0;i:4;i:0;i:5;i:0;i:6;s:0:"";}
a:7:{i:0;s:1:"p";i:1;i:1773755859;i:2;s:1:"/";i:3;i:6;i:4;i:0;i:5;i:0;i:6;s:23:"https://www.google.com/";}
a:7:{i:0;s:1:"p";i:1;i:1773755875;i:2;s:76:"/category/svitlodiodni-led-svitilniki/led-svitylnyky-trekovi-dlia-lamp-gu10/";i:3;i:0;i:4;i:0;i:5;i:1;i:6;s:0:"";}
a:7:{i:0;s:1:"p";i:1;i:1773756218;i:2;s:73:"/product/led-svitylnyk-smart-lajt-fiery-sphere-100w-3000k-6500k-eurolamp/";i:3;i:11885;i:4;i:1;i:5;i:1;i:6;s:0:"";}
a:7:{i:0;s:1:"p";i:1;i:1773756391;i:2;s:1:"/";i:3;i:0;i:4;i:1;i:5;i:1;i:6;s:0:"";}
a:7:{i:0;s:1:"p";i:1;i:1773756545;i:2;s:98:"/product/svitlodiodnyj-eurolamp-led-svitylnyk-kruhlyj-nakladnyj-zhkkh-z-datchykom-rukhu-12w-5000k/";i:3;i:2227;i:4;i:1;i:5;i:1;i:6;s:0:"";}
a:7:{i:0;s:1:"p";i:1;i:1773756547;i:2;s:94:"/product/svitlodiodnyj-led-svitylnyk-eurolamp-kruhlyj-nakladnyj-matovyj-samurai-t23-13w-4000k/";i:3;i:2215;i:4;i:1;i:5;i:1;i:6;s:0:"";}
a:7:{i:0;s:1:"p";i:1;i:1773756641;i:2;s:65:"/ru/category/jelementy-pytanyia/batarejky-shchelochnye-ag13-lr44/";i:3;i:0;i:4;i:1;i:5;i:1;i:6;s:0:"";}
a:7:{i:0;s:1:"p";i:1;i:1773756670;i:2;s:1:"/";i:3;i:6;i:4;i:1;i:5;i:1;i:6;s:23:"https://www.google.com/";}
a:7:{i:0;s:1:"p";i:1;i:1773756835;i:2;s:38:"/category/svitlodiodni-led-svitilniki/";i:3;i:0;i:4;i:0;i:5;i:0;i:6;s:0:"";}
a:7:{i:0;s:1:"p";i:1;i:1773756862;i:2;s:74:"/product/svitlodiodna-reflektorna-eurolamp-led-lampa-eko-r63-9w-e27-4000k/";i:3;i:1024;i:4;i:1;i:5;i:1;i:6;s:23:"https://www.google.com/";}
a:7:{i:0;s:1:"p";i:1;i:1773756999;i:2;s:82:"/ru/product/svetodyodnyj-eurolamp-led-svetylnyk-kruhlyj-nakladnoj-zhkkh-12w-5500k/";i:3;i:4965;i:4;i:1;i:5;i:1;i:6;s:0:"";}
a:7:{i:0;s:1:"p";i:1;i:1773757067;i:2;s:71:"/category/avtonomne-osvitlennia/svitlodiodni-led-lampy-z-akumuliatorom/";i:3;i:0;i:4;i:1;i:5;i:1;i:6;s:23:"https://www.google.com/";}
a:7:{i:0;s:1:"p";i:1;i:1773757090;i:2;s:1:"/";i:3;i:6;i:4;i:1;i:5;i:1;i:6;s:26:"https://www.google.com.ua/";}
a:7:{i:0;s:1:"p";i:1;i:1773757192;i:2;s:80:"/ru/product/svetodyodnyj-eurolamp-led-svetylnyk-kruhlyj-downlight-new-18w-4000k/";i:3;i:5114;i:4;i:1;i:5;i:1;i:6;s:23:"https://www.google.com/";}
a:7:{i:0;s:1:"p";i:1;i:1773757238;i:2;s:73:"/ru/product/akkumuliatornaia-batareia-molicel-inr21700-p42a-3-7v-4200mah/";i:3;i:7228;i:4;i:1;i:5;i:1;i:6;s:23:"https://www.google.com/";}
a:7:{i:0;s:1:"p";i:1;i:1773757299;i:2;s:68:"/product/svitlodiodna-eurolamp-led-lampa-shar-eko-g95-15w-e27-3000k/";i:3;i:841;i:4;i:0;i:5;i:1;i:6;s:0:"";}
a:7:{i:0;s:1:"p";i:1;i:1773757371;i:2;s:53:"/product/akumuliatorna-zbirka-3s3p-molicel-12-600mah/";i:3;i:12334;i:4;i:0;i:5;i:1;i:6;s:23:"https://www.google.com/";}
a:7:{i:0;s:1:"p";i:1;i:1773757418;i:2;s:75:"/product/svitlodiodna-eurolamp-led-lampa-z-akumuliatorom-a70-12w-e27-4500k/";i:3;i:3021;i:4;i:1;i:5;i:1;i:6;s:23:"https://www.google.com/";}
a:7:{i:0;s:1:"p";i:1;i:1773757445;i:2;s:28:"/category/aktsii-rozprodazh/";i:3;i:0;i:4;i:0;i:5;i:1;i:6;s:0:"";}
a:7:{i:0;s:1:"p";i:1;i:1773757558;i:2;s:46:"/category/svitlodiodni-led-lampi/promo-nabory/";i:3;i:0;i:4;i:0;i:5;i:1;i:6;s:0:"";}
a:7:{i:0;s:1:"p";i:1;i:1773757590;i:2;s:33:"/category/svitlodiodni-led-lampi/";i:3;i:0;i:4;i:1;i:5;i:1;i:6;s:23:"https://www.google.com/";}
a:7:{i:0;s:1:"p";i:1;i:1773757602;i:2;s:65:"/category/svitlodiodni-led-lampi/svitlodiodni-led-lampi-tochkovi/";i:3;i:0;i:4;i:0;i:5;i:1;i:6;s:0:"";}
a:7:{i:0;s:1:"p";i:1;i:1773757614;i:2;s:70:"/product/akumuliatorna-zbirka-8s3p-na-elementakh-samsung-inr21700-50s/";i:3;i:14136;i:4;i:1;i:5;i:1;i:6;s:23:"https://www.google.com/";}
a:7:{i:0;s:1:"p";i:1;i:1773757636;i:2;s:63:"/product/avtomobilnyj-akumuliator-hardy-6st-100-12v-100ah-950a/";i:3;i:11651;i:4;i:1;i:5;i:1;i:6;s:23:"https://www.google.com/";}
a:7:{i:0;s:1:"p";i:1;i:1773757654;i:2;s:80:"/product/svitlodiodnyj-eurolamp-led-svitylnyk-linijnyj-ip65-36w-4000k-1-2m-slim/";i:3;i:2243;i:4;i:0;i:5;i:1;i:6;s:23:"https://www.google.com/";}
a:7:{i:0;s:1:"p";i:1;i:1773757659;i:2;s:68:"/product/svitlodiodna-eurolamp-led-lampa-shar-eko-g95-15w-e27-4000k/";i:3;i:794;i:4;i:0;i:5;i:1;i:6;s:0:"";}
a:7:{i:0;s:1:"p";i:1;i:1773757759;i:2;s:9:"/loyalty/";i:3;i:10110;i:4;i:0;i:5;i:1;i:6;s:0:"";}
a:7:{i:0;s:1:"p";i:1;i:1773757769;i:2;s:86:"/ru/product/tochechnaia-svetodyodnaia-eurolamp-led-lampa-jeko-mr16-5w-12v-gu5-3-4000k/";i:3;i:4660;i:4;i:1;i:5;i:1;i:6;s:23:"https://www.google.com/";}
a:7:{i:0;s:1:"p";i:1;i:1773757807;i:2;s:82:"/ru/product/tochechnaia-svetodyodnaia-eurolamp-led-lampa-jeko-mr16-5w-gu5-3-3000k/";i:3;i:4739;i:4;i:1;i:5;i:1;i:6;s:23:"https://www.google.com/";}
a:7:{i:0;s:1:"p";i:1;i:1773757814;i:2;s:45:"/category/akumuliatory/akumuliatorni-batarei/";i:3;i:0;i:4;i:1;i:5;i:1;i:6;s:23:"https://www.google.com/";}
a:7:{i:0;s:1:"p";i:1;i:1773757821;i:2;s:6:"/cart/";i:3;i:11;i:4;i:0;i:5;i:1;i:6;s:0:"";}
a:7:{i:0;s:1:"p";i:1;i:1773757836;i:2;s:66:"/product/akumuliatorna-batareia-samsung-inr21700-50s-3-7v-5000mah/";i:3;i:7224;i:4;i:0;i:5;i:1;i:6;s:0:"";}
a:7:{i:0;s:1:"p";i:1;i:1773757837;i:2;s:1:"/";i:3;i:6;i:4;i:1;i:5;i:1;i:6;s:0:"";}
a:7:{i:0;s:1:"p";i:1;i:1773757840;i:2;s:1:"/";i:3;i:6;i:4;i:1;i:5;i:1;i:6;s:23:"https://www.google.com/";}
a:7:{i:0;s:1:"p";i:1;i:1773757845;i:2;s:49:"/category/vulychne-osvitlennja/sadovi-svitulniki/";i:3;i:0;i:4;i:0;i:5;i:1;i:6;s:0:"";}
a:7:{i:0;s:1:"p";i:1;i:1773757851;i:2;s:63:"/category/svitlodiodni-led-svitilniki/led-svitylnyky-vbudovani/";i:3;i:0;i:4;i:0;i:5;i:1;i:6;s:0:"";}
a:7:{i:0;s:1:"p";i:1;i:1773757858;i:2;s:74:"/product/tochkova-svitlodiodna-eurolamp-led-lampa-eko-mr16-5w-gu5-3-4000k/";i:3;i:1965;i:4;i:0;i:5;i:1;i:6;s:0:"";}
a:7:{i:0;s:1:"p";i:1;i:1773757864;i:2;s:63:"/category/svitlodiodni-led-svitilniki/svitlodiodni-led-ljustri/";i:3;i:0;i:4;i:0;i:5;i:1;i:6;s:0:"";}
a:7:{i:0;s:1:"p";i:1;i:1773757909;i:2;s:84:"/category/svitlodiodni-led-svitilniki/nastilni-pidlogovi-svitlodiodni-led-svitilnki/";i:3;i:0;i:4;i:0;i:5;i:1;i:6;s:0:"";}
a:7:{i:0;s:1:"p";i:1;i:1773757921;i:2;s:1:"/";i:3;i:6;i:4;i:0;i:5;i:1;i:6;s:23:"https://www.google.com/";}
a:7:{i:0;s:1:"p";i:1;i:1773757922;i:2;s:75:"/category/svitlodiodni-led-svitilniki/svitlodiodni-led-nakladni-svitilniki/";i:3;i:0;i:4;i:0;i:5;i:1;i:6;s:0:"";}
a:7:{i:0;s:1:"p";i:1;i:1773758242;i:2;s:39:"/ru/category/dekoratyvnoe-osveshchenye/";i:3;i:0;i:4;i:1;i:5;i:1;i:6;s:0:"";}
a:7:{i:0;s:1:"p";i:1;i:1773758246;i:2;s:1:"/";i:3;i:6;i:4;i:1;i:5;i:1;i:6;s:23:"https://www.google.com/";}
a:7:{i:0;s:1:"p";i:1;i:1773758461;i:2;s:54:"/ru/product/akumuliator-ifr26650-3-2v-4000mah-lifepo4/";i:3;i:12657;i:4;i:1;i:5;i:1;i:6;s:54:"android-app://com.google.android.googlequicksearchbox/";}
a:7:{i:0;s:1:"p";i:1;i:1773758474;i:2;s:1:"/";i:3;i:6;i:4;i:1;i:5;i:1;i:6;s:23:"https://www.google.com/";}
a:7:{i:0;s:1:"p";i:1;i:1773758575;i:2;s:1:"/";i:3;i:6;i:4;i:0;i:5;i:0;i:6;s:23:"https://www.google.com/";}
a:7:{i:0;s:1:"p";i:1;i:1773758592;i:2;s:75:"/category/svitlodiodni-led-svitilniki/svitlodiodni-led-nakladni-svitilniki/";i:3;i:0;i:4;i:0;i:5;i:1;i:6;s:0:"";}
a:7:{i:0;s:1:"p";i:1;i:1773758669;i:2;s:1:"/";i:3;i:6;i:4;i:0;i:5;i:0;i:6;s:23:"https://www.google.com/";}
a:7:{i:0;s:1:"p";i:1;i:1773758677;i:2;s:75:"/category/svitlodiodni-led-svitilniki/svitlodiodni-led-nakladni-svitilniki/";i:3;i:0;i:4;i:0;i:5;i:0;i:6;s:0:"";}
a:7:{i:0;s:1:"p";i:1;i:1773758740;i:2;s:1:"/";i:3;i:6;i:4;i:1;i:5;i:1;i:6;s:23:"https://www.google.com/";}
a:7:{i:0;s:1:"p";i:1;i:1773758746;i:2;s:38:"/category/svitlodiodni-led-svitilniki/";i:3;i:0;i:4;i:0;i:5;i:1;i:6;s:0:"";}
a:7:{i:0;s:1:"p";i:1;i:1773758777;i:2;s:1:"/";i:3;i:6;i:4;i:1;i:5;i:1;i:6;s:23:"https://www.google.com/";}
a:7:{i:0;s:1:"p";i:1;i:1773759035;i:2;s:68:"/product/eurolamp-kontroler-rgb-pult-dk-dlia-svitlodiodnoi-strichky/";i:3;i:4302;i:4;i:1;i:5;i:1;i:6;s:0:"";}
a:7:{i:0;s:1:"p";i:1;i:1773759058;i:2;s:1:"/";i:3;i:6;i:4;i:1;i:5;i:1;i:6;s:23:"https://www.google.com/";}
a:7:{i:0;s:1:"p";i:1;i:1773759540;i:2;s:1:"/";i:3;i:6;i:4;i:0;i:5;i:0;i:6;s:0:"";}
a:7:{i:0;s:1:"p";i:1;i:1773759547;i:2;s:1:"/";i:3;i:6;i:4;i:0;i:5;i:0;i:6;s:0:"";}
a:7:{i:0;s:1:"p";i:1;i:1773759617;i:2;s:57:"/ru/category/avtonomnoe-osveshchenye/led-fonary-nalobnye/";i:3;i:0;i:4;i:1;i:5;i:1;i:6;s:0:"";}
a:7:{i:0;s:1:"p";i:1;i:1773759703;i:2;s:1:"/";i:3;i:6;i:4;i:1;i:5;i:1;i:6;s:23:"https://www.google.com/";}
a:7:{i:0;s:1:"p";i:1;i:1773759742;i:2;s:1:"/";i:3;i:6;i:4;i:0;i:5;i:0;i:6;s:23:"https://www.google.com/";}
a:7:{i:0;s:1:"p";i:1;i:1773760014;i:2;s:80:"/product/svitlodiodnyj-eurolamp-led-svitylnyk-linijnyj-ip65-18w-4000k-0-6m-slim/";i:3;i:2247;i:4;i:1;i:5;i:1;i:6;s:23:"https://www.google.com/";}
a:7:{i:0;s:1:"p";i:1;i:1773760026;i:2;s:84:"/product/svitlodiodnyj-eurolamp-led-svitylnyk-smart-light-sandinavia-50w-3000-6500k/";i:3;i:8040;i:4;i:1;i:5;i:1;i:6;s:23:"https://www.google.com/";}
a:7:{i:0;s:1:"p";i:1;i:1773760052;i:2;s:83:"/product/svitlodiodnyj-eurolamp-led-svitylnyk-kruhlyj-nakladnyj-zhkkh-g6-24w-5000k/";i:3;i:2931;i:4;i:1;i:5;i:1;i:6;s:23:"https://www.google.com/";}
a:7:{i:0;s:1:"p";i:1;i:1773760062;i:2;s:38:"/category/svitlodiodni-led-svitilniki/";i:3;i:0;i:4;i:0;i:5;i:1;i:6;s:0:"";}
a:7:{i:0;s:1:"p";i:1;i:1773760082;i:2;s:38:"/category/svitlodiodni-led-svitilniki/";i:3;i:0;i:4;i:0;i:5;i:1;i:6;s:0:"";}
a:7:{i:0;s:1:"p";i:1;i:1773760186;i:2;s:75:"/category/svitlodiodni-led-svitilniki/svitlodiodni-led-nakladni-svitilniki/";i:3;i:0;i:4;i:0;i:5;i:1;i:6;s:0:"";}
a:7:{i:0;s:1:"p";i:1;i:1773760235;i:2;s:77:"/category/svitlodiodni-led-svitilniki/led-svitylnyky-tochkovi-dlia-lamp-gx53/";i:3;i:0;i:4;i:1;i:5;i:1;i:6;s:23:"https://www.google.com/";}
a:7:{i:0;s:1:"p";i:1;i:1773760241;i:2;s:69:"/product/led-svitylnyk-tochkovyj-dlia-lamp-gx53-sribliastyj-eurolamp/";i:3;i:14338;i:4;i:0;i:5;i:1;i:6;s:0:"";}
a:7:{i:0;s:1:"p";i:1;i:1773760396;i:2;s:73:"/product/klasichna-svitlodiodna-eurolamp-led-lampa-eko-a60-10w-e27-4000k/";i:3;i:695;i:4;i:1;i:5;i:1;i:6;s:23:"https://www.google.com/";}
a:7:{i:0;s:1:"p";i:1;i:1773760406;i:2;s:1:"/";i:3;i:6;i:4;i:0;i:5;i:1;i:6;s:0:"";}
a:7:{i:0;s:1:"p";i:1;i:1773760452;i:2;s:67:"/category/svitlodiodni-led-lampi/linijni-t8-svitlodiodni-led-lampi/";i:3;i:0;i:4;i:0;i:5;i:1;i:6;s:0:"";}
a:7:{i:0;s:1:"p";i:1;i:1773760605;i:2;s:1:"/";i:3;i:6;i:4;i:1;i:5;i:1;i:6;s:0:"";}
a:7:{i:0;s:1:"p";i:1;i:1773760786;i:2;s:68:"/product/eurolamp-kontroler-rgb-pult-dk-dlia-svitlodiodnoi-strichky/";i:3;i:4302;i:4;i:0;i:5;i:0;i:6;s:0:"";}
a:7:{i:0;s:1:"p";i:1;i:1773760823;i:2;s:72:"/ru/product/svetodyodnyj-eurolamp-led-svetylnyk-595-595-ramka-40w-5000k/";i:3;i:5105;i:4;i:1;i:5;i:1;i:6;s:23:"https://www.google.com/";}
a:7:{i:0;s:1:"p";i:1;i:1773760846;i:2;s:59:"/ru/product/led-svetylnyk-595-595-panel-40w-6500k-eurolamp/";i:3;i:14557;i:4;i:0;i:5;i:1;i:6;s:0:"";}
a:7:{i:0;s:1:"p";i:1;i:1773760861;i:2;s:79:"/ru/product/svetodyodnyj-led-svetylnyk-eurolamp-kruhlyj-nakladnoj-gl-38w-5000k/";i:3;i:4908;i:4;i:1;i:5;i:1;i:6;s:23:"https://www.google.com/";}
a:7:{i:0;s:1:"p";i:1;i:1773760875;i:2;s:59:"/ru/product/led-svetylnyk-595-595-panel-40w-4000k-eurolamp/";i:3;i:9909;i:4;i:0;i:5;i:1;i:6;s:0:"";}
a:7:{i:0;s:1:"p";i:1;i:1773760887;i:2;s:59:"/ru/product/led-svetylnyk-595-595-panel-40w-4000k-eurolamp/";i:3;i:9909;i:4;i:0;i:5;i:0;i:6;s:0:"";}
a:7:{i:0;s:1:"p";i:1;i:1773760907;i:2;s:61:"/ru/product/led-svetylnyk-595-595-panel-40w-6500k-eurolamp-2/";i:3;i:14560;i:4;i:0;i:5;i:1;i:6;s:0:"";}
a:7:{i:0;s:1:"p";i:1;i:1773761000;i:2;s:78:"/ru/product/akumuliatorna-batareia-dlia-bpla-vampire-solid-state-66000-ma-hod/";i:3;i:12148;i:4;i:1;i:5;i:1;i:6;s:23:"https://www.google.com/";}
a:7:{i:0;s:1:"p";i:1;i:1773761023;i:2;s:78:"/ru/product/akumuliatorna-batareia-dlia-bpla-vampire-solid-state-66000-ma-hod/";i:3;i:12148;i:4;i:0;i:5;i:0;i:6;s:23:"https://www.google.com/";}
a:7:{i:0;s:1:"p";i:1;i:1773761144;i:2;s:78:"/ru/product/akumuliatorna-batareia-dlia-bpla-vampire-solid-state-66000-ma-hod/";i:3;i:12148;i:4;i:0;i:5;i:0;i:6;s:23:"https://www.google.com/";}
a:7:{i:0;s:1:"p";i:1;i:1773761214;i:2;s:78:"/ru/product/akumuliatorna-batareia-dlia-bpla-vampire-solid-state-66000-ma-hod/";i:3;i:12148;i:4;i:0;i:5;i:0;i:6;s:23:"https://www.google.com/";}
a:7:{i:0;s:1:"p";i:1;i:1773761352;i:2;s:78:"/ru/product/akumuliatorna-batareia-dlia-bpla-vampire-solid-state-66000-ma-hod/";i:3;i:12148;i:4;i:0;i:5;i:0;i:6;s:23:"https://www.google.com/";}
